celviz_gpgpu_verilator_coverage: start
repo_root=/Users/nirvana/Documents/New project 2/ventus-gpgpu
build_root=/tmp/ventus-gpgpu-celviz-coverage-build
run_root=/tmp/ventus-gpgpu-celviz-coverage-run
run_log=artifacts/rank_01_vivante_3d_gpgpu_ip/verification/verilator_coverage/run.log
coverage_scope=functional_bins_gate_not_rtl_line_or_toggle_100_percent_claim
repo_root_contains_spaces=true; building in /tmp build root
build: full native runtime with Verilator coverage enabled
build: reusing existing coverage-enabled native runtime
CELVIZ_GPGPU_RUNTIME_LIB=/tmp/ventus-gpgpu-celviz-coverage-build/sim-verilator/build/libVentusRTL/debug/libVentusRTL.so
CELVIZ_GPGPU_RUNTIME_BUILD_MANIFEST=/tmp/ventus-gpgpu-celviz-coverage-build/sim-verilator/build/libVentusRTL/celviz_gpgpu_runtime_build_manifest.json
CELVIZ_GPGPU_RUNTIME_BUILD_LOG=/tmp/ventus-gpgpu-celviz-coverage-build/sim-verilator/build/libVentusRTL/celviz_gpgpu_runtime_build_log.jsonl
CELVIZ_GPGPU_RUNTIME_BUILD_MODE=full-coverage-reused
runtime: running complex Celviz GPGPU command stream through runtime_cli --require-runtime
{
  "abi": {
    "error_values": {
      "ERR_BAD_DISPATCH": 7,
      "ERR_BAD_DMA": 8,
      "ERR_BAD_QUEUE": 6,
      "ERR_FENCE_WAIT": 256,
      "ERR_INJECTED": 257,
      "ERR_MMU_FAULT": 9,
      "ERR_RTLSIM_FATAL": 512,
      "ERR_RTLSIM_TIME_EXCEEDED": 513,
      "ERR_SCHEDULER_FAULT": 514,
      "ERR_UNSUPPORTED_OPCODE": 5,
      "OK": 0
    },
    "header": "sim-verilator/celviz_gpgpu_runtime_proxy.h",
    "magic": "0x31555643",
    "opcode_values": {
      "barrier": 4,
      "counter_snapshot": 7,
      "device_to_host": 4098,
      "dma_copy": 2,
      "dma_fill": 3,
      "fence_signal": 4113,
      "fence_wait": 4112,
      "host_to_device": 4097,
      "kernel_dispatch": 1,
      "nop": 0,
      "reset": 4114,
      "set_scheduler_config": 5,
      "set_shader_mode": 6
    },
    "status_values": {
      "cancelled": 6,
      "complete": 4,
      "error": 5,
      "new": 0,
      "queued": 1,
      "running": 3,
      "submitted": 2,
      "timeout": 7
    },
    "tier_id": 3,
    "version": 1
  },
  "artifact_manifest": {
    "run_log": "/private/tmp/ventus-gpgpu-celviz-coverage-run/runtime_cli.log",
    "runtime_metrics": "/private/tmp/ventus-gpgpu-celviz-coverage-run/runtime_outputs/runtime_metrics.json",
    "runtime_status": "/private/tmp/ventus-gpgpu-celviz-coverage-run/runtime_outputs/runtime_status.json"
  },
  "command_status_records": [
    {
      "abi_version": 1,
      "context_id": 0,
      "detail": "reset cleared queues, sticky status, fences, and live interrupt state while preserving audit records",
      "end_time": 2,
      "error": "OK",
      "error_value": 0,
      "flags": 0,
      "opcode": "reset",
      "opcode_value": 4114,
      "queue_head": 80,
      "queue_id": 0,
      "queue_tail": 80,
      "sequence": 1,
      "start_time": 1,
      "status": "complete",
      "status_value": 4,
      "submit_tag": "boot-reset",
      "submit_time": 1
    },
    {
      "abi_version": 1,
      "context_id": 0,
      "detail": "dma_fill wrote 256 bytes",
      "end_time": 3,
      "error": "OK",
      "error_value": 0,
      "flags": 0,
      "opcode": "dma_fill",
      "opcode_value": 3,
      "queue_head": 176,
      "queue_id": 0,
      "queue_tail": 176,
      "sequence": 2,
      "start_time": 2,
      "status": "complete",
      "status_value": 4,
      "submit_tag": "fill-input",
      "submit_time": 2
    },
    {
      "abi_version": 1,
      "context_id": 0,
      "detail": "dma_copy moved 256 bytes",
      "end_time": 4,
      "error": "OK",
      "error_value": 0,
      "flags": 0,
      "opcode": "dma_copy",
      "opcode_value": 2,
      "queue_head": 288,
      "queue_id": 0,
      "queue_tail": 288,
      "sequence": 3,
      "start_time": 3,
      "status": "complete",
      "status_value": 4,
      "submit_tag": "copy-input",
      "submit_time": 3
    },
    {
      "abi_version": 1,
      "context_id": 0,
      "detail": "fence_signal copy_ready=1",
      "end_time": 5,
      "error": "OK",
      "error_value": 0,
      "flags": 0,
      "opcode": "fence_signal",
      "opcode_value": 4113,
      "queue_head": 384,
      "queue_id": 0,
      "queue_tail": 384,
      "sequence": 4,
      "start_time": 4,
      "status": "complete",
      "status_value": 4,
      "submit_tag": "signal-copy-ready",
      "submit_time": 4
    },
    {
      "abi_version": 1,
      "context_id": 0,
      "detail": "fence_wait observed copy_ready=1",
      "end_time": 6,
      "error": "OK",
      "error_value": 0,
      "flags": 0,
      "opcode": "fence_wait",
      "opcode_value": 4112,
      "queue_head": 96,
      "queue_id": 1,
      "queue_tail": 96,
      "sequence": 5,
      "start_time": 5,
      "status": "complete",
      "status_value": 4,
      "submit_tag": "wait-copy-ready",
      "submit_time": 5
    },
    {
      "abi_version": 1,
      "context_id": 0,
      "detail": "kernel_dispatch vector_add retired 4 workgroups",
      "end_time": 7,
      "error": "OK",
      "error_value": 0,
      "flags": 0,
      "opcode": "kernel_dispatch",
      "opcode_value": 1,
      "queue_head": 224,
      "queue_id": 1,
      "queue_tail": 224,
      "sequence": 6,
      "start_time": 6,
      "status": "complete",
      "status_value": 4,
      "submit_tag": "vector-add-fp32",
      "submit_time": 6
    },
    {
      "abi_version": 1,
      "context_id": 0,
      "detail": "kernel_dispatch image_filter retired 64 workgroups",
      "end_time": 8,
      "error": "OK",
      "error_value": 0,
      "flags": 0,
      "opcode": "kernel_dispatch",
      "opcode_value": 1,
      "queue_head": 352,
      "queue_id": 1,
      "queue_tail": 352,
      "sequence": 7,
      "start_time": 7,
      "status": "complete",
      "status_value": 4,
      "submit_tag": "image-filter-fp16",
      "submit_time": 7
    },
    {
      "abi_version": 1,
      "context_id": 0,
      "detail": "host_to_device staged 128 bytes",
      "end_time": 9,
      "error": "OK",
      "error_value": 0,
      "flags": 0,
      "opcode": "host_to_device",
      "opcode_value": 4097,
      "queue_head": 496,
      "queue_id": 0,
      "queue_tail": 496,
      "sequence": 8,
      "start_time": 8,
      "status": "complete",
      "status_value": 4,
      "submit_tag": "h2d-staging",
      "submit_time": 8
    },
    {
      "abi_version": 1,
      "context_id": 0,
      "detail": "dma_fill wrote 128 bytes",
      "end_time": 10,
      "error": "OK",
      "error_value": 0,
      "flags": 0,
      "opcode": "dma_fill",
      "opcode_value": 3,
      "queue_head": 96,
      "queue_id": 2,
      "queue_tail": 96,
      "sequence": 9,
      "start_time": 9,
      "status": "complete",
      "status_value": 4,
      "submit_tag": "fill-queue2-scratch",
      "submit_time": 9
    },
    {
      "abi_version": 1,
      "context_id": 0,
      "detail": "dma_copy moved 128 bytes",
      "end_time": 11,
      "error": "OK",
      "error_value": 0,
      "flags": 0,
      "opcode": "dma_copy",
      "opcode_value": 2,
      "queue_head": 208,
      "queue_id": 2,
      "queue_tail": 208,
      "sequence": 10,
      "start_time": 10,
      "status": "complete",
      "status_value": 4,
      "submit_tag": "copy-staging-queue2",
      "submit_time": 10
    },
    {
      "abi_version": 1,
      "context_id": 0,
      "detail": "fence_signal staging_copy_ready=2",
      "end_time": 12,
      "error": "OK",
      "error_value": 0,
      "flags": 0,
      "opcode": "fence_signal",
      "opcode_value": 4113,
      "queue_head": 304,
      "queue_id": 2,
      "queue_tail": 304,
      "sequence": 11,
      "start_time": 11,
      "status": "complete",
      "status_value": 4,
      "submit_tag": "signal-staging-ready",
      "submit_time": 11
    },
    {
      "abi_version": 1,
      "context_id": 0,
      "detail": "fence_wait observed staging_copy_ready=2",
      "end_time": 13,
      "error": "OK",
      "error_value": 0,
      "flags": 0,
      "opcode": "fence_wait",
      "opcode_value": 4112,
      "queue_head": 448,
      "queue_id": 1,
      "queue_tail": 448,
      "sequence": 12,
      "start_time": 12,
      "status": "complete",
      "status_value": 4,
      "submit_tag": "wait-staging-ready",
      "submit_time": 12
    },
    {
      "abi_version": 1,
      "context_id": 0,
      "detail": "counter snapshot captured",
      "end_time": 14,
      "error": "OK",
      "error_value": 0,
      "flags": 0,
      "opcode": "counter_snapshot",
      "opcode_value": 7,
      "queue_head": 544,
      "queue_id": 1,
      "queue_tail": 544,
      "sequence": 13,
      "start_time": 13,
      "status": "complete",
      "status_value": 4,
      "submit_tag": "poll-status-after-staging",
      "submit_time": 13
    },
    {
      "abi_version": 1,
      "context_id": 0,
      "detail": "device_to_host read 128 bytes",
      "end_time": 15,
      "error": "OK",
      "error_value": 0,
      "flags": 0,
      "opcode": "device_to_host",
      "opcode_value": 4098,
      "queue_head": 656,
      "queue_id": 1,
      "queue_tail": 656,
      "sequence": 14,
      "start_time": 14,
      "status": "complete",
      "status_value": 4,
      "submit_tag": "d2h-readback",
      "submit_time": 14
    },
    {
      "abi_version": 1,
      "context_id": 0,
      "detail": "scheduler config updated",
      "end_time": 16,
      "error": "OK",
      "error_value": 0,
      "flags": 0,
      "opcode": "set_scheduler_config",
      "opcode_value": 5,
      "queue_head": 768,
      "queue_id": 1,
      "queue_tail": 768,
      "sequence": 15,
      "start_time": 15,
      "status": "complete",
      "status_value": 4,
      "submit_tag": "scheduler-policy-update",
      "submit_time": 15
    },
    {
      "abi_version": 1,
      "context_id": 0,
      "detail": "shader mode set to mixed",
      "end_time": 17,
      "error": "OK",
      "error_value": 0,
      "flags": 0,
      "opcode": "set_shader_mode",
      "opcode_value": 6,
      "queue_head": 864,
      "queue_id": 1,
      "queue_tail": 864,
      "sequence": 16,
      "start_time": 16,
      "status": "complete",
      "status_value": 4,
      "submit_tag": "shader-mode-mixed",
      "submit_time": 16
    },
    {
      "abi_version": 1,
      "context_id": 0,
      "detail": "injected scheduler dispatch error",
      "end_time": 18,
      "error": "ERR_SCHEDULER_FAULT",
      "error_expected": true,
      "error_value": 514,
      "expected_error": "ERR_SCHEDULER_FAULT",
      "flags": 0,
      "opcode": "kernel_dispatch",
      "opcode_value": 1,
      "queue_head": 992,
      "queue_id": 1,
      "queue_tail": 992,
      "sequence": 17,
      "start_time": 17,
      "status": "error",
      "status_value": 5,
      "submit_tag": "expected-scheduler-error",
      "submit_time": 17
    },
    {
      "abi_version": 1,
      "context_id": 0,
      "detail": "dma_copy source or destination failed range check",
      "end_time": 19,
      "error": "ERR_MMU_FAULT",
      "error_expected": true,
      "error_value": 9,
      "expected_error": "ERR_MMU_FAULT",
      "flags": 0,
      "opcode": "dma_copy",
      "opcode_value": 2,
      "queue_head": 608,
      "queue_id": 0,
      "queue_tail": 608,
      "sequence": 18,
      "start_time": 18,
      "status": "error",
      "status_value": 5,
      "submit_tag": "expected-mmu-error",
      "submit_time": 18
    },
    {
      "abi_version": 1,
      "context_id": 0,
      "detail": "fence_wait timed out after 8 cycles waiting for never_signaled>=1",
      "end_time": 20,
      "error": "ERR_FENCE_WAIT",
      "error_expected": true,
      "error_value": 256,
      "expected_error": "ERR_FENCE_WAIT",
      "flags": 0,
      "opcode": "fence_wait",
      "opcode_value": 4112,
      "queue_head": 704,
      "queue_id": 0,
      "queue_tail": 704,
      "sequence": 19,
      "start_time": 19,
      "status": "error",
      "status_value": 5,
      "submit_tag": "expected-fence-error",
      "submit_time": 19
    }
  ],
  "command_status_summary": {
    "by_error": {
      "ERR_FENCE_WAIT": 1,
      "ERR_MMU_FAULT": 1,
      "ERR_SCHEDULER_FAULT": 1,
      "OK": 16
    },
    "by_opcode": {
      "counter_snapshot": 1,
      "device_to_host": 1,
      "dma_copy": 3,
      "dma_fill": 2,
      "fence_signal": 2,
      "fence_wait": 3,
      "host_to_device": 1,
      "kernel_dispatch": 3,
      "reset": 1,
      "set_scheduler_config": 1,
      "set_shader_mode": 1
    },
    "by_status": {
      "complete": 16,
      "error": 3
    },
    "last_command": {
      "abi_version": 1,
      "context_id": 0,
      "detail": "fence_wait timed out after 8 cycles waiting for never_signaled>=1",
      "end_time": 20,
      "error": "ERR_FENCE_WAIT",
      "error_expected": true,
      "error_value": 256,
      "expected_error": "ERR_FENCE_WAIT",
      "flags": 0,
      "opcode": "fence_wait",
      "opcode_value": 4112,
      "queue_head": 704,
      "queue_id": 0,
      "queue_tail": 704,
      "sequence": 19,
      "start_time": 19,
      "status": "error",
      "status_value": 5,
      "submit_tag": "expected-fence-error",
      "submit_time": 19
    },
    "native_polled_status_records": 7,
    "total": 19
  },
  "control_plane_metrics": {
    "clean_room_scope": "clean-room command/control-plane proxy; no proprietary Vivante command stream, driver ABI, firmware, SDK, compiler, RTL, or conformance claim",
    "command_count": 19,
    "completion_records": [
      {
        "detail": "reset cleared queues, sticky status, fences, and live interrupt state while preserving audit records",
        "error": "OK",
        "error_code": 0,
        "opcode": "reset",
        "queue_head": 80,
        "queue_id": 0,
        "queue_tail": 80,
        "reset_asserted": true,
        "reset_behavior": "soft_control_plane_reset",
        "reset_recovery": {
          "fault_status_after_reset": "clear",
          "had_pending_or_fault_before_reset": true,
          "interrupt_status_after_reset": "clear",
          "queue_idle_after_reset": true
        },
        "sequence": 1,
        "status": "complete",
        "submit_tag": "boot-reset"
      },
      {
        "bytes_written": 256,
        "completion_writeback": {
          "addr": "0x90000000",
          "bytes": 32
        },
        "counter_snapshot": {
          "axi_read_beats": 0,
          "axi_write_beats": 16,
          "bytes_read": 0,
          "bytes_written": 256,
          "dma_copies": 0,
          "dma_fills": 1,
          "kernel_dispatches": 0
        },
        "detail": "dma_fill wrote 256 bytes",
        "error": "OK",
        "error_code": 0,
        "opcode": "dma_fill",
        "pattern_u32": "0x3c003f80",
        "queue_head": 176,
        "queue_id": 0,
        "queue_tail": 176,
        "sequence": 2,
        "status": "complete",
        "submit_tag": "fill-input"
      },
      {
        "bytes_copied": 256,
        "completion_writeback": {
          "addr": "0x90000020",
          "bytes": 32
        },
        "counter_snapshot": {
          "axi_read_beats": 16,
          "axi_write_beats": 34,
          "bytes_read": 256,
          "bytes_written": 544,
          "dma_copies": 1,
          "dma_fills": 1,
          "kernel_dispatches": 0
        },
        "detail": "dma_copy moved 256 bytes",
        "error": "OK",
        "error_code": 0,
        "opcode": "dma_copy",
        "queue_head": 288,
        "queue_id": 0,
        "queue_tail": 288,
        "sequence": 3,
        "status": "complete",
        "submit_tag": "copy-input"
      },
      {
        "detail": "fence_signal copy_ready=1",
        "error": "OK",
        "error_code": 0,
        "opcode": "fence_signal",
        "queue_head": 384,
        "queue_id": 0,
        "queue_tail": 384,
        "sequence": 4,
        "status": "complete",
        "submit_tag": "signal-copy-ready"
      },
      {
        "detail": "fence_wait observed copy_ready=1",
        "error": "OK",
        "error_code": 0,
        "observed_value": 1,
        "opcode": "fence_wait",
        "queue_head": 96,
        "queue_id": 1,
        "queue_tail": 96,
        "sequence": 5,
        "status": "complete",
        "submit_tag": "wait-copy-ready"
      },
      {
        "completion_writeback": {
          "addr": "0x90000040",
          "bytes": 32
        },
        "counter_snapshot": {
          "axi_read_beats": 22,
          "axi_write_beats": 40,
          "bytes_read": 352,
          "bytes_written": 640,
          "dma_copies": 1,
          "dma_fills": 1,
          "kernel_dispatches": 1
        },
        "detail": "kernel_dispatch vector_add retired 4 workgroups",
        "error": "OK",
        "error_code": 0,
        "fp16_path": false,
        "fp32_path": true,
        "grid": [
          4,
          1,
          1
        ],
        "kernel": "vector_add",
        "local": [
          64,
          1,
          1
        ],
        "opcode": "kernel_dispatch",
        "queue_head": 224,
        "queue_id": 1,
        "queue_tail": 224,
        "required_fp_mode": "fp32",
        "scheduler": {
          "estimated_warps": 8,
          "private_bytes_per_thread": 16,
          "shared_bytes": 1024,
          "warp_size": 32
        },
        "sequence": 6,
        "shader_units": 4,
        "status": "complete",
        "submit_tag": "vector-add-fp32",
        "work_items": 256,
        "workgroups": 4
      },
      {
        "completion_writeback": {
          "addr": "0x90000060",
          "bytes": 32
        },
        "counter_snapshot": {
          "axi_read_beats": 30,
          "axi_write_beats": 106,
          "bytes_read": 480,
          "bytes_written": 1696,
          "dma_copies": 1,
          "dma_fills": 1,
          "kernel_dispatches": 2
        },
        "detail": "kernel_dispatch image_filter retired 64 workgroups",
        "error": "OK",
        "error_code": 0,
        "fp16_path": true,
        "fp32_path": false,
        "grid": [
          8,
          8,
          1
        ],
        "kernel": "image_filter",
        "local": [
          8,
          8,
          1
        ],
        "opcode": "kernel_dispatch",
        "queue_head": 352,
        "queue_id": 1,
        "queue_tail": 352,
        "required_fp_mode": "fp16",
        "scheduler": {
          "estimated_warps": 128,
          "private_bytes_per_thread": 12,
          "shared_bytes": 2048,
          "warp_size": 32
        },
        "sequence": 7,
        "shader_units": 4,
        "status": "complete",
        "submit_tag": "image-filter-fp16",
        "work_items": 4096,
        "workgroups": 64
      },
      {
        "bytes_written": 128,
        "completion_writeback": {
          "addr": "0x90000080",
          "bytes": 32
        },
        "counter_snapshot": {
          "axi_read_beats": 30,
          "axi_write_beats": 116,
          "bytes_read": 480,
          "bytes_written": 1856,
          "dma_copies": 1,
          "dma_fills": 1,
          "kernel_dispatches": 2
        },
        "detail": "host_to_device staged 128 bytes",
        "error": "OK",
        "error_code": 0,
        "opcode": "host_to_device",
        "queue_head": 496,
        "queue_id": 0,
        "queue_tail": 496,
        "runtime_api": "celviz_gpgpu_proxy_copy_h2d",
        "sequence": 8,
        "status": "complete",
        "submit_tag": "h2d-staging"
      },
      {
        "bytes_written": 128,
        "completion_writeback": {
          "addr": "0x900000a0",
          "bytes": 32
        },
        "counter_snapshot": {
          "axi_read_beats": 30,
          "axi_write_beats": 126,
          "bytes_read": 480,
          "bytes_written": 2016,
          "dma_copies": 1,
          "dma_fills": 2,
          "kernel_dispatches": 2
        },
        "detail": "dma_fill wrote 128 bytes",
        "error": "OK",
        "error_code": 0,
        "opcode": "dma_fill",
        "pattern_u32": "0xa5a55a5a",
        "queue_head": 96,
        "queue_id": 2,
        "queue_tail": 96,
        "sequence": 9,
        "status": "complete",
        "submit_tag": "fill-queue2-scratch"
      },
      {
        "bytes_copied": 128,
        "completion_writeback": {
          "addr": "0x900000c0",
          "bytes": 32
        },
        "counter_snapshot": {
          "axi_read_beats": 38,
          "axi_write_beats": 136,
          "bytes_read": 608,
          "bytes_written": 2176,
          "dma_copies": 2,
          "dma_fills": 2,
          "kernel_dispatches": 2
        },
        "detail": "dma_copy moved 128 bytes",
        "error": "OK",
        "error_code": 0,
        "opcode": "dma_copy",
        "queue_head": 208,
        "queue_id": 2,
        "queue_tail": 208,
        "sequence": 10,
        "status": "complete",
        "submit_tag": "copy-staging-queue2"
      },
      {
        "detail": "fence_signal staging_copy_ready=2",
        "error": "OK",
        "error_code": 0,
        "opcode": "fence_signal",
        "queue_head": 304,
        "queue_id": 2,
        "queue_tail": 304,
        "sequence": 11,
        "status": "complete",
        "submit_tag": "signal-staging-ready"
      },
      {
        "counter_snapshot": {
          "axi_read_beats": 38,
          "axi_write_beats": 138,
          "bytes_read": 608,
          "bytes_written": 2208,
          "dma_copies": 2,
          "dma_fills": 2,
          "kernel_dispatches": 2
        },
        "detail": "fence_wait observed staging_copy_ready=2",
        "error": "OK",
        "error_code": 0,
        "observed_value": 2,
        "opcode": "fence_wait",
        "queue_head": 448,
        "queue_id": 1,
        "queue_tail": 448,
        "sequence": 12,
        "status": "complete",
        "submit_tag": "wait-staging-ready"
      },
      {
        "counter_snapshot": {
          "axi_read_beats": 38,
          "axi_write_beats": 138,
          "bytes_read": 608,
          "bytes_written": 2208,
          "dma_copies": 2,
          "dma_fills": 2,
          "kernel_dispatches": 2
        },
        "detail": "counter snapshot captured",
        "error": "OK",
        "error_code": 0,
        "opcode": "counter_snapshot",
        "queue_head": 544,
        "queue_id": 1,
        "queue_tail": 544,
        "sequence": 13,
        "status": "complete",
        "submit_tag": "poll-status-after-staging"
      },
      {
        "bytes_read": 128,
        "completion_writeback": {
          "addr": "0x900000e0",
          "bytes": 32
        },
        "counter_snapshot": {
          "axi_read_beats": 46,
          "axi_write_beats": 138,
          "bytes_read": 736,
          "bytes_written": 2208,
          "dma_copies": 2,
          "dma_fills": 2,
          "kernel_dispatches": 2
        },
        "detail": "device_to_host read 128 bytes",
        "error": "OK",
        "error_code": 0,
        "opcode": "device_to_host",
        "queue_head": 656,
        "queue_id": 1,
        "queue_tail": 656,
        "runtime_api": "celviz_gpgpu_proxy_copy_d2h",
        "sequence": 14,
        "status": "complete",
        "submit_tag": "d2h-readback"
      },
      {
        "counter_snapshot": {
          "axi_read_beats": 46,
          "axi_write_beats": 140,
          "bytes_read": 736,
          "bytes_written": 2240,
          "dma_copies": 2,
          "dma_fills": 2,
          "kernel_dispatches": 2
        },
        "detail": "scheduler config updated",
        "error": "OK",
        "error_code": 0,
        "opcode": "set_scheduler_config",
        "queue_head": 768,
        "queue_id": 1,
        "queue_tail": 768,
        "scheduler": {
          "issue_policy": 1,
          "max_warps_per_shader_unit": 12,
          "max_workgroups_per_shader_unit": 6,
          "warp_size": 32,
          "watchdog_cycles": 4096
        },
        "scheduler_updates": {
          "issue_policy": 1,
          "max_warps_per_shader_unit": 12,
          "max_workgroups_per_shader_unit": 6,
          "watchdog_cycles": 4096
        },
        "sequence": 15,
        "status": "complete",
        "submit_tag": "scheduler-policy-update"
      },
      {
        "detail": "shader mode set to mixed",
        "error": "OK",
        "error_code": 0,
        "fp_mode": "mixed",
        "opcode": "set_shader_mode",
        "queue_head": 864,
        "queue_id": 1,
        "queue_tail": 864,
        "sequence": 16,
        "status": "complete",
        "submit_tag": "shader-mode-mixed"
      },
      {
        "completion_writeback": {
          "addr": "0x90000100",
          "bytes": 32
        },
        "counter_snapshot": {
          "axi_read_beats": 46,
          "axi_write_beats": 140,
          "bytes_read": 736,
          "bytes_written": 2240,
          "dma_copies": 2,
          "dma_fills": 2,
          "kernel_dispatches": 2
        },
        "detail": "injected scheduler dispatch error",
        "error": "ERR_SCHEDULER_FAULT",
        "error_code": 514,
        "error_expected": true,
        "expected_error": "ERR_SCHEDULER_FAULT",
        "opcode": "kernel_dispatch",
        "queue_head": 992,
        "queue_id": 1,
        "queue_tail": 992,
        "sequence": 17,
        "status": "error",
        "submit_tag": "expected-scheduler-error"
      },
      {
        "detail": "dma_copy source or destination failed range check",
        "error": "ERR_MMU_FAULT",
        "error_code": 9,
        "error_expected": true,
        "expected_error": "ERR_MMU_FAULT",
        "opcode": "dma_copy",
        "queue_head": 608,
        "queue_id": 0,
        "queue_tail": 608,
        "sequence": 18,
        "status": "error",
        "submit_tag": "expected-mmu-error"
      },
      {
        "detail": "fence_wait timed out after 8 cycles waiting for never_signaled>=1",
        "error": "ERR_FENCE_WAIT",
        "error_code": 256,
        "error_expected": true,
        "expected_error": "ERR_FENCE_WAIT",
        "observed_value": null,
        "opcode": "fence_wait",
        "queue_head": 704,
        "queue_id": 0,
        "queue_tail": 704,
        "sequence": 19,
        "status": "error",
        "submit_tag": "expected-fence-error"
      }
    ],
    "counters": {
      "apb_reads": 19,
      "apb_writes": 38,
      "axi_read_beats": 46,
      "axi_read_transactions": 5,
      "axi_write_beats": 142,
      "axi_write_transactions": 16,
      "bytes_moved": 3008,
      "bytes_read": 736,
      "bytes_written": 2272,
      "command_submission_errors": 1,
      "commands_completed": 19,
      "commands_failed": 3,
      "commands_submitted": 19,
      "completion_interrupts": 13,
      "dma_alignment_errors": 0,
      "dma_bounds_errors": 1,
      "dma_copies": 2,
      "dma_fills": 2,
      "error_interrupts": 3,
      "fence_signals": 2,
      "fence_waits": 3,
      "interrupt_clears": 16,
      "invalid_descriptors": 0,
      "kernel_dispatches": 2,
      "mmu_faults": 1,
      "queue_errors": 3,
      "reset_recoveries": 1,
      "resets": 1,
      "scheduler_faults": 1
    },
    "e5_verification_coverage": {
      "apb_traffic": true,
      "axi_traffic": true,
      "command_submission": true,
      "completion_interrupts": true,
      "dma_alignment": true,
      "dma_bounds": true,
      "fault_interrupts": true,
      "interrupt_clear": true,
      "invalid_descriptors": true,
      "reset_behavior": true,
      "throughput_tier_link": true
    },
    "evidence_tokens": {
      "apb_transactions": true,
      "axi_traffic": true,
      "command_submission": true,
      "completion_interrupt_events": true,
      "dma_bounds_alignment_negative_paths": true,
      "dma_copy": true,
      "dma_fill": true,
      "error_interrupt_events": true,
      "fence_signal": true,
      "fence_wait": true,
      "fp16_path": true,
      "fp32_path": true,
      "interrupt_clear_events": true,
      "invalid_descriptor_negative_paths": true,
      "kernel_dispatch": true,
      "reset_behavior": true,
      "reset_recovery": true,
      "throughput_tier_linkage": true
    },
    "expected_command_failures": 0,
    "expected_command_passes": 19,
    "fences": {
      "copy_ready": 1,
      "staging_copy_ready": 2
    },
    "generated_at": "2026-05-02T11:29:07+00:00",
    "interrupt_events": [
      {
        "kind": "completion",
        "message": "reset cleared queues, sticky status, fences, and live interrupt state while preserving audit records",
        "queue_id": 0,
        "sequence": 1
      },
      {
        "kind": "clear",
        "message": "interrupt status acknowledged after completion record",
        "queue_id": 0,
        "sequence": 1
      },
      {
        "kind": "completion",
        "message": "dma_fill wrote 256 bytes",
        "queue_id": 0,
        "sequence": 2
      },
      {
        "kind": "clear",
        "message": "interrupt status acknowledged after completion record",
        "queue_id": 0,
        "sequence": 2
      },
      {
        "kind": "completion",
        "message": "dma_copy moved 256 bytes",
        "queue_id": 0,
        "sequence": 3
      },
      {
        "kind": "clear",
        "message": "interrupt status acknowledged after completion record",
        "queue_id": 0,
        "sequence": 3
      },
      {
        "kind": "completion",
        "message": "fence_signal copy_ready=1",
        "queue_id": 0,
        "sequence": 4
      },
      {
        "kind": "clear",
        "message": "interrupt status acknowledged after completion record",
        "queue_id": 0,
        "sequence": 4
      },
      {
        "kind": "completion",
        "message": "kernel_dispatch vector_add retired 4 workgroups",
        "queue_id": 1,
        "sequence": 6
      },
      {
        "kind": "clear",
        "message": "interrupt status acknowledged after completion record",
        "queue_id": 1,
        "sequence": 6
      },
      {
        "kind": "completion",
        "message": "kernel_dispatch image_filter retired 64 workgroups",
        "queue_id": 1,
        "sequence": 7
      },
      {
        "kind": "clear",
        "message": "interrupt status acknowledged after completion record",
        "queue_id": 1,
        "sequence": 7
      },
      {
        "kind": "completion",
        "message": "host_to_device staged 128 bytes",
        "queue_id": 0,
        "sequence": 8
      },
      {
        "kind": "clear",
        "message": "interrupt status acknowledged after completion record",
        "queue_id": 0,
        "sequence": 8
      },
      {
        "kind": "completion",
        "message": "dma_fill wrote 128 bytes",
        "queue_id": 2,
        "sequence": 9
      },
      {
        "kind": "clear",
        "message": "interrupt status acknowledged after completion record",
        "queue_id": 2,
        "sequence": 9
      },
      {
        "kind": "completion",
        "message": "dma_copy moved 128 bytes",
        "queue_id": 2,
        "sequence": 10
      },
      {
        "kind": "clear",
        "message": "interrupt status acknowledged after completion record",
        "queue_id": 2,
        "sequence": 10
      },
      {
        "kind": "completion",
        "message": "fence_signal staging_copy_ready=2",
        "queue_id": 2,
        "sequence": 11
      },
      {
        "kind": "clear",
        "message": "interrupt status acknowledged after completion record",
        "queue_id": 2,
        "sequence": 11
      },
      {
        "kind": "completion",
        "message": "device_to_host read 128 bytes",
        "queue_id": 1,
        "sequence": 14
      },
      {
        "kind": "clear",
        "message": "interrupt status acknowledged after completion record",
        "queue_id": 1,
        "sequence": 14
      },
      {
        "kind": "completion",
        "message": "scheduler config updated",
        "queue_id": 1,
        "sequence": 15
      },
      {
        "kind": "clear",
        "message": "interrupt status acknowledged after completion record",
        "queue_id": 1,
        "sequence": 15
      },
      {
        "kind": "completion",
        "message": "shader mode set to mixed",
        "queue_id": 1,
        "sequence": 16
      },
      {
        "kind": "clear",
        "message": "interrupt status acknowledged after completion record",
        "queue_id": 1,
        "sequence": 16
      },
      {
        "kind": "error",
        "message": "injected scheduler dispatch error",
        "queue_id": 1,
        "sequence": 17
      },
      {
        "kind": "clear",
        "message": "interrupt status acknowledged after completion record",
        "queue_id": 1,
        "sequence": 17
      },
      {
        "kind": "error",
        "message": "dma_copy source or destination failed range check",
        "queue_id": 0,
        "sequence": 18
      },
      {
        "kind": "clear",
        "message": "interrupt status acknowledged after completion record",
        "queue_id": 0,
        "sequence": 18
      },
      {
        "kind": "error",
        "message": "fence_wait timed out after 8 cycles waiting for never_signaled>=1",
        "queue_id": 0,
        "sequence": 19
      },
      {
        "kind": "clear",
        "message": "interrupt status acknowledged after completion record",
        "queue_id": 0,
        "sequence": 19
      }
    ],
    "ip_name": "Celviz GPGPU IP",
    "queue_state": {
      "0": {
        "base": "0x10000000",
        "errors": 2,
        "head": 704,
        "priority": 2,
        "retired": 7,
        "size_bytes": 4096,
        "submitted": 7,
        "tail": 704
      },
      "1": {
        "base": "0x10001000",
        "errors": 1,
        "head": 992,
        "priority": 1,
        "retired": 9,
        "size_bytes": 4096,
        "submitted": 9,
        "tail": 992
      },
      "2": {
        "base": "0x10002000",
        "errors": 0,
        "head": 304,
        "priority": 0,
        "retired": 3,
        "size_bytes": 4096,
        "submitted": 3,
        "tail": 304
      }
    },
    "runtime_control_evidence": {
      "axi_apb_traffic": {
        "apb_reads": 19,
        "apb_traffic_observed": true,
        "apb_writes": 38,
        "axi_read_beats": 46,
        "axi_read_transactions": 5,
        "axi_traffic_observed": true,
        "axi_write_beats": 142,
        "axi_write_transactions": 16,
        "bytes_moved": 3008,
        "bytes_read": 736,
        "bytes_written": 2272
      },
      "command_submission": {
        "apb_doorbell_writes": 38,
        "command_count": 19,
        "completed": 19,
        "failed": 3,
        "observed": true,
        "sequences": [
          1,
          2,
          3,
          4,
          5,
          6,
          7,
          8,
          9,
          10,
          11,
          12,
          13,
          14,
          15,
          16,
          17,
          18,
          19
        ],
        "submission_errors": 1,
        "submitted": 19
      },
      "dma_bounds_alignment": {
        "alignment_bytes": 4,
        "alignment_checked": true,
        "alignment_errors": 0,
        "bounds_checked": true,
        "bounds_errors": 1,
        "dma_sequences": [
          2,
          3,
          8,
          9,
          10,
          14,
          18
        ],
        "error_sequences": [
          18
        ],
        "observed": true
      },
      "interrupt_counters_clear": {
        "clear_observed": true,
        "clear_sequences": [
          1,
          2,
          3,
          4,
          6,
          7,
          8,
          9,
          10,
          11,
          14,
          15,
          16,
          17,
          18,
          19
        ],
        "completion_interrupts": 13,
        "error_interrupts": 3,
        "events": [
          {
            "kind": "completion",
            "message": "reset cleared queues, sticky status, fences, and live interrupt state while preserving audit records",
            "queue_id": 0,
            "sequence": 1
          },
          {
            "kind": "clear",
            "message": "interrupt status acknowledged after completion record",
            "queue_id": 0,
            "sequence": 1
          },
          {
            "kind": "completion",
            "message": "dma_fill wrote 256 bytes",
            "queue_id": 0,
            "sequence": 2
          },
          {
            "kind": "clear",
            "message": "interrupt status acknowledged after completion record",
            "queue_id": 0,
            "sequence": 2
          },
          {
            "kind": "completion",
            "message": "dma_copy moved 256 bytes",
            "queue_id": 0,
            "sequence": 3
          },
          {
            "kind": "clear",
            "message": "interrupt status acknowledged after completion record",
            "queue_id": 0,
            "sequence": 3
          },
          {
            "kind": "completion",
            "message": "fence_signal copy_ready=1",
            "queue_id": 0,
            "sequence": 4
          },
          {
            "kind": "clear",
            "message": "interrupt status acknowledged after completion record",
            "queue_id": 0,
            "sequence": 4
          },
          {
            "kind": "completion",
            "message": "kernel_dispatch vector_add retired 4 workgroups",
            "queue_id": 1,
            "sequence": 6
          },
          {
            "kind": "clear",
            "message": "interrupt status acknowledged after completion record",
            "queue_id": 1,
            "sequence": 6
          },
          {
            "kind": "completion",
            "message": "kernel_dispatch image_filter retired 64 workgroups",
            "queue_id": 1,
            "sequence": 7
          },
          {
            "kind": "clear",
            "message": "interrupt status acknowledged after completion record",
            "queue_id": 1,
            "sequence": 7
          },
          {
            "kind": "completion",
            "message": "host_to_device staged 128 bytes",
            "queue_id": 0,
            "sequence": 8
          },
          {
            "kind": "clear",
            "message": "interrupt status acknowledged after completion record",
            "queue_id": 0,
            "sequence": 8
          },
          {
            "kind": "completion",
            "message": "dma_fill wrote 128 bytes",
            "queue_id": 2,
            "sequence": 9
          },
          {
            "kind": "clear",
            "message": "interrupt status acknowledged after completion record",
            "queue_id": 2,
            "sequence": 9
          },
          {
            "kind": "completion",
            "message": "dma_copy moved 128 bytes",
            "queue_id": 2,
            "sequence": 10
          },
          {
            "kind": "clear",
            "message": "interrupt status acknowledged after completion record",
            "queue_id": 2,
            "sequence": 10
          },
          {
            "kind": "completion",
            "message": "fence_signal staging_copy_ready=2",
            "queue_id": 2,
            "sequence": 11
          },
          {
            "kind": "clear",
            "message": "interrupt status acknowledged after completion record",
            "queue_id": 2,
            "sequence": 11
          },
          {
            "kind": "completion",
            "message": "device_to_host read 128 bytes",
            "queue_id": 1,
            "sequence": 14
          },
          {
            "kind": "clear",
            "message": "interrupt status acknowledged after completion record",
            "queue_id": 1,
            "sequence": 14
          },
          {
            "kind": "completion",
            "message": "scheduler config updated",
            "queue_id": 1,
            "sequence": 15
          },
          {
            "kind": "clear",
            "message": "interrupt status acknowledged after completion record",
            "queue_id": 1,
            "sequence": 15
          },
          {
            "kind": "completion",
            "message": "shader mode set to mixed",
            "queue_id": 1,
            "sequence": 16
          },
          {
            "kind": "clear",
            "message": "interrupt status acknowledged after completion record",
            "queue_id": 1,
            "sequence": 16
          },
          {
            "kind": "error",
            "message": "injected scheduler dispatch error",
            "queue_id": 1,
            "sequence": 17
          },
          {
            "kind": "clear",
            "message": "interrupt status acknowledged after completion record",
            "queue_id": 1,
            "sequence": 17
          },
          {
            "kind": "error",
            "message": "dma_copy source or destination failed range check",
            "queue_id": 0,
            "sequence": 18
          },
          {
            "kind": "clear",
            "message": "interrupt status acknowledged after completion record",
            "queue_id": 0,
            "sequence": 18
          },
          {
            "kind": "error",
            "message": "fence_wait timed out after 8 cycles waiting for never_signaled>=1",
            "queue_id": 0,
            "sequence": 19
          },
          {
            "kind": "clear",
            "message": "interrupt status acknowledged after completion record",
            "queue_id": 0,
            "sequence": 19
          }
        ],
        "interrupt_clears": 16
      },
      "invalid_descriptor": {
        "errors": [
          "ERR_FENCE_WAIT",
          "ERR_MMU_FAULT",
          "ERR_SCHEDULER_FAULT"
        ],
        "invalid_descriptor_counter": 0,
        "observed": true,
        "rejected_count": 3,
        "sequences": [
          17,
          18,
          19
        ],
        "submission_error_counter": 1
      },
      "reset_recovery": {
        "fault_status_after_reset": "clear",
        "interrupt_status_after_reset": "clear",
        "post_reset_smoke_status": "pass",
        "queue_idle_after_reset": true,
        "reset_asserted": true,
        "reset_recoveries": 1,
        "reset_sequences": [
          1
        ]
      },
      "throughput_tier_linkage": {
        "claim_scope": "proxy_model_only",
        "fp_modes": [
          "fp16",
          "fp32",
          "mixed"
        ],
        "max_local_size": 512,
        "queue_count": 4,
        "shader_units": 4,
        "throughput_scaling_by_tier": true,
        "tier": "gpgpu_nano_ultra31"
      }
    },
    "schema": "celviz.gpgpu.control_plane_metrics.v1",
    "shader_units": 4,
    "status": "pass",
    "status_registers": {
      "last_sequence": 19,
      "last_tag": "expected-fence-error",
      "status": "idle",
      "sticky_error": "ERR_FENCE_WAIT"
    },
    "tier": "gpgpu_nano_ultra31"
  },
  "generated_at": "2026-05-02T11:29:07+00:00",
  "last_event": {
    "event": {
      "abi_version": 1,
      "command": {
        "abi_version": 1,
        "context_id": 0,
        "end_time": 60,
        "error": "ERR_FENCE_WAIT",
        "error_value": 256,
        "flags": 0,
        "opcode": "nop",
        "opcode_value": 0,
        "queue_id": 0,
        "sequence": 0,
        "start_time": 0,
        "status": "timeout",
        "status_value": 7,
        "submit_tag": 0,
        "submit_time": 0
      },
      "event_flags": 16,
      "fault_access": 0,
      "fault_address": "0x0",
      "shader_context": 0
    },
    "source": "ctypes_runtime_proxy"
  },
  "metrics": {
    "control_plane_counters": {
      "apb_reads": 19,
      "apb_writes": 38,
      "axi_read_beats": 46,
      "axi_read_transactions": 5,
      "axi_write_beats": 142,
      "axi_write_transactions": 16,
      "bytes_moved": 3008,
      "bytes_read": 736,
      "bytes_written": 2272,
      "command_submission_errors": 1,
      "commands_completed": 19,
      "commands_failed": 3,
      "commands_submitted": 19,
      "completion_interrupts": 13,
      "dma_alignment_errors": 0,
      "dma_bounds_errors": 1,
      "dma_copies": 2,
      "dma_fills": 2,
      "error_interrupts": 3,
      "fence_signals": 2,
      "fence_waits": 3,
      "interrupt_clears": 16,
      "invalid_descriptors": 0,
      "kernel_dispatches": 2,
      "mmu_faults": 1,
      "queue_errors": 3,
      "reset_recoveries": 1,
      "resets": 1,
      "scheduler_faults": 1
    },
    "native_runtime_metrics": {
      "axi_read_beats": 0,
      "axi_read_transactions": 0,
      "axi_write_beats": 0,
      "axi_write_transactions": 0,
      "bytes_moved": 1408,
      "bytes_read": 512,
      "bytes_written": 896,
      "commands_completed": 8,
      "commands_failed": 1,
      "commands_submitted": 9,
      "completion_interrupts": 8,
      "dma_copies": 7,
      "dma_fills": 2,
      "error_interrupts": 2,
      "fence_signals": 2,
      "fence_waits": 3,
      "kernel_dispatches": 0,
      "mmu_faults": 1,
      "queue_errors": 1,
      "resets": 1,
      "rtlsim_time": 60,
      "scheduler_faults": 0
    }
  },
  "native_command_results": [
    {
      "called": "celviz_gpgpu_runtime_proxy_reset_metrics",
      "last_event_after": {
        "abi_version": 1,
        "command": {
          "abi_version": 1,
          "context_id": 0,
          "end_time": 20,
          "error": "OK",
          "error_value": 0,
          "flags": 0,
          "opcode": "nop",
          "opcode_value": 0,
          "queue_id": 0,
          "sequence": 0,
          "start_time": 0,
          "status": "complete",
          "status_value": 4,
          "submit_tag": 0,
          "submit_time": 20
        },
        "event_flags": 1,
        "fault_access": 0,
        "fault_address": "0x0",
        "shader_context": 0
      },
      "last_event_after_ok": true,
      "ok": true,
      "opcode": "reset",
      "pending_count_after": 0,
      "queue_id": 0,
      "queue_pending_count_after": 0,
      "queue_reset": {
        "called": "celviz_gpgpu_runtime_proxy_reset_queue",
        "error_value": 0,
        "event": {
          "abi_version": 1,
          "command": {
            "abi_version": 1,
            "context_id": 0,
            "end_time": 20,
            "error": "OK",
            "error_value": 0,
            "flags": 0,
            "opcode": "nop",
            "opcode_value": 0,
            "queue_id": 0,
            "sequence": 0,
            "start_time": 0,
            "status": "complete",
            "status_value": 4,
            "submit_tag": 0,
            "submit_time": 20
          },
          "event_flags": 1,
          "fault_access": 0,
          "fault_address": "0x0",
          "shader_context": 0
        },
        "ok": true
      },
      "queue_snapshot_after": {
        "context_id": 0,
        "doorbell": 0,
        "errors": 0,
        "flags": 259,
        "head": 0,
        "lifecycle": "idle",
        "pending_count": 0,
        "priority": 2,
        "queue_id": 0,
        "retired": 0,
        "ring_base": "0x10000000",
        "ring_size_bytes": 4096,
        "submitted": 0,
        "tail": 0
      },
      "queue_snapshot_after_ok": true,
      "sequence": 1
    },
    {
      "bytes": 256,
      "called": "celviz_gpgpu_runtime_proxy_submit_fill",
      "data_sha256": "d4004824dd28fe90e20d9cb2ab0c262a024d15bc4395720d85ef1f048142b7de",
      "dst_addr": "0x80000000",
      "error_value": 0,
      "last_event_after": {
        "abi_version": 1,
        "command": {
          "abi_version": 1,
          "context_id": 0,
          "end_time": 20,
          "error": "OK",
          "error_value": 0,
          "flags": 0,
          "opcode": "dma_fill",
          "opcode_value": 3,
          "queue_id": 0,
          "sequence": 1,
          "start_time": 20,
          "status": "complete",
          "status_value": 4,
          "submit_tag": 1,
          "submit_time": 20
        },
        "event_flags": 1,
        "fault_access": 0,
        "fault_address": "0x0",
        "shader_context": 0
      },
      "last_event_after_ok": true,
      "ok": true,
      "opcode": "dma_fill",
      "pattern_u32": "0x3c003f80",
      "pending_count_after": 0,
      "polled_status": {
        "abi_version": 1,
        "context_id": 0,
        "end_time": 20,
        "error": "OK",
        "error_value": 0,
        "flags": 0,
        "opcode": "dma_fill",
        "opcode_value": 3,
        "queue_id": 0,
        "sequence": 1,
        "start_time": 20,
        "status": "complete",
        "status_value": 4,
        "submit_tag": 1,
        "submit_time": 20
      },
      "polled_status_ok": true,
      "queue_id": 0,
      "queue_pending_count_after": 0,
      "queue_snapshot_after": {
        "context_id": 0,
        "doorbell": 1,
        "errors": 0,
        "flags": 259,
        "head": 1,
        "lifecycle": "idle",
        "pending_count": 0,
        "priority": 2,
        "queue_id": 0,
        "retired": 1,
        "ring_base": "0x10000000",
        "ring_size_bytes": 4096,
        "submitted": 1,
        "tail": 1
      },
      "queue_snapshot_after_ok": true,
      "sequence": 2,
      "status": {
        "abi_version": 1,
        "context_id": 0,
        "end_time": 20,
        "error": "OK",
        "error_value": 0,
        "flags": 0,
        "opcode": "dma_fill",
        "opcode_value": 3,
        "queue_id": 0,
        "sequence": 1,
        "start_time": 20,
        "status": "complete",
        "status_value": 4,
        "submit_tag": 1,
        "submit_time": 20
      }
    },
    {
      "bytes": 256,
      "called": "celviz_gpgpu_runtime_proxy_submit_copy_d2h+submit_copy_h2d",
      "dst_addr": "0x80001000",
      "last_event_after": {
        "abi_version": 1,
        "command": {
          "abi_version": 1,
          "context_id": 0,
          "end_time": 20,
          "error": "OK",
          "error_value": 0,
          "flags": 0,
          "opcode": "dma_copy",
          "opcode_value": 2,
          "queue_id": 0,
          "sequence": 3,
          "start_time": 20,
          "status": "complete",
          "status_value": 4,
          "submit_tag": 3,
          "submit_time": 20
        },
        "event_flags": 1,
        "fault_access": 0,
        "fault_address": "0x0",
        "shader_context": 0
      },
      "last_event_after_ok": true,
      "ok": true,
      "opcode": "dma_copy",
      "pending_count_after": 0,
      "queue_id": 0,
      "queue_pending_count_after": 0,
      "queue_snapshot_after": {
        "context_id": 0,
        "doorbell": 3,
        "errors": 0,
        "flags": 259,
        "head": 3,
        "lifecycle": "idle",
        "pending_count": 0,
        "priority": 2,
        "queue_id": 0,
        "retired": 3,
        "ring_base": "0x10000000",
        "ring_size_bytes": 4096,
        "submitted": 3,
        "tail": 3
      },
      "queue_snapshot_after_ok": true,
      "read_error_value": 0,
      "read_polled_status": {
        "abi_version": 1,
        "context_id": 0,
        "end_time": 20,
        "error": "OK",
        "error_value": 0,
        "flags": 0,
        "opcode": "dma_copy",
        "opcode_value": 2,
        "queue_id": 0,
        "sequence": 2,
        "start_time": 20,
        "status": "complete",
        "status_value": 4,
        "submit_tag": 2,
        "submit_time": 20
      },
      "read_polled_status_ok": true,
      "read_status": {
        "abi_version": 1,
        "context_id": 0,
        "end_time": 20,
        "error": "OK",
        "error_value": 0,
        "flags": 0,
        "opcode": "dma_copy",
        "opcode_value": 2,
        "queue_id": 0,
        "sequence": 2,
        "start_time": 20,
        "status": "complete",
        "status_value": 4,
        "submit_tag": 2,
        "submit_time": 20
      },
      "sequence": 3,
      "src_addr": "0x80000000",
      "write_error_value": 0,
      "write_polled_status": {
        "abi_version": 1,
        "context_id": 0,
        "end_time": 20,
        "error": "OK",
        "error_value": 0,
        "flags": 0,
        "opcode": "dma_copy",
        "opcode_value": 2,
        "queue_id": 0,
        "sequence": 3,
        "start_time": 20,
        "status": "complete",
        "status_value": 4,
        "submit_tag": 3,
        "submit_time": 20
      },
      "write_polled_status_ok": true,
      "write_status": {
        "abi_version": 1,
        "context_id": 0,
        "end_time": 20,
        "error": "OK",
        "error_value": 0,
        "flags": 0,
        "opcode": "dma_copy",
        "opcode_value": 2,
        "queue_id": 0,
        "sequence": 3,
        "start_time": 20,
        "status": "complete",
        "status_value": 4,
        "submit_tag": 3,
        "submit_time": 20
      }
    },
    {
      "called": "celviz_gpgpu_runtime_proxy_signal_named_fence",
      "error_value": 0,
      "event": {
        "abi_version": 1,
        "command": {
          "abi_version": 1,
          "context_id": 0,
          "end_time": 20,
          "error": "OK",
          "error_value": 0,
          "flags": 0,
          "opcode": "nop",
          "opcode_value": 0,
          "queue_id": 0,
          "sequence": 0,
          "start_time": 0,
          "status": "complete",
          "status_value": 4,
          "submit_tag": 0,
          "submit_time": 0
        },
        "event_flags": 1,
        "fault_access": 0,
        "fault_address": "0x0",
        "shader_context": 0
      },
      "fence": "copy_ready",
      "last_event_after": {
        "abi_version": 1,
        "command": {
          "abi_version": 1,
          "context_id": 0,
          "end_time": 20,
          "error": "OK",
          "error_value": 0,
          "flags": 0,
          "opcode": "nop",
          "opcode_value": 0,
          "queue_id": 0,
          "sequence": 0,
          "start_time": 0,
          "status": "complete",
          "status_value": 4,
          "submit_tag": 0,
          "submit_time": 0
        },
        "event_flags": 1,
        "fault_access": 0,
        "fault_address": "0x0",
        "shader_context": 0
      },
      "last_event_after_ok": true,
      "ok": true,
      "opcode": "fence_signal",
      "pending_count_after": 0,
      "queue_id": 0,
      "queue_pending_count_after": 0,
      "queue_snapshot_after": {
        "context_id": 0,
        "doorbell": 3,
        "errors": 0,
        "flags": 259,
        "head": 3,
        "lifecycle": "idle",
        "pending_count": 0,
        "priority": 2,
        "queue_id": 0,
        "retired": 3,
        "ring_base": "0x10000000",
        "ring_size_bytes": 4096,
        "submitted": 3,
        "tail": 3
      },
      "queue_snapshot_after_ok": true,
      "sequence": 4,
      "value": 1
    },
    {
      "called": "celviz_gpgpu_runtime_proxy_wait_named_fence",
      "error_value": 0,
      "event": {
        "abi_version": 1,
        "command": {
          "abi_version": 1,
          "context_id": 0,
          "end_time": 20,
          "error": "OK",
          "error_value": 0,
          "flags": 0,
          "opcode": "nop",
          "opcode_value": 0,
          "queue_id": 0,
          "sequence": 0,
          "start_time": 0,
          "status": "complete",
          "status_value": 4,
          "submit_tag": 0,
          "submit_time": 0
        },
        "event_flags": 1,
        "fault_access": 0,
        "fault_address": "0x0",
        "shader_context": 0
      },
      "event_flags": 1,
      "event_status": {
        "abi_version": 1,
        "context_id": 0,
        "end_time": 20,
        "error": "OK",
        "error_value": 0,
        "flags": 0,
        "opcode": "nop",
        "opcode_value": 0,
        "queue_id": 0,
        "sequence": 0,
        "start_time": 0,
        "status": "complete",
        "status_value": 4,
        "submit_tag": 0,
        "submit_time": 0
      },
      "fence": "copy_ready",
      "last_event_after": {
        "abi_version": 1,
        "command": {
          "abi_version": 1,
          "context_id": 0,
          "end_time": 20,
          "error": "OK",
          "error_value": 0,
          "flags": 0,
          "opcode": "nop",
          "opcode_value": 0,
          "queue_id": 0,
          "sequence": 0,
          "start_time": 0,
          "status": "complete",
          "status_value": 4,
          "submit_tag": 0,
          "submit_time": 0
        },
        "event_flags": 1,
        "fault_access": 0,
        "fault_address": "0x0",
        "shader_context": 0
      },
      "last_event_after_ok": true,
      "ok": true,
      "opcode": "fence_wait",
      "pending_count_after": 0,
      "queue_id": 1,
      "queue_pending_count_after": 0,
      "queue_snapshot_after": {
        "context_id": 0,
        "doorbell": 0,
        "errors": 0,
        "flags": 259,
        "head": 0,
        "lifecycle": "idle",
        "pending_count": 0,
        "priority": 1,
        "queue_id": 1,
        "retired": 0,
        "ring_base": "0x10001000",
        "ring_size_bytes": 4096,
        "submitted": 0,
        "tail": 0
      },
      "queue_snapshot_after_ok": true,
      "sequence": 5,
      "timeout_cycles": 1024,
      "value": 1
    },
    {
      "called": "celviz_gpgpu_runtime_proxy_submit_kernel",
      "last_event_after": {
        "abi_version": 1,
        "command": {
          "abi_version": 1,
          "context_id": 0,
          "end_time": 20,
          "error": "OK",
          "error_value": 0,
          "flags": 0,
          "opcode": "nop",
          "opcode_value": 0,
          "queue_id": 0,
          "sequence": 0,
          "start_time": 0,
          "status": "complete",
          "status_value": 4,
          "submit_tag": 0,
          "submit_time": 0
        },
        "event_flags": 1,
        "fault_access": 0,
        "fault_address": "0x0",
        "shader_context": 0
      },
      "last_event_after_ok": true,
      "ok": false,
      "opcode": "kernel_dispatch",
      "pending_count_after": 0,
      "queue_id": 1,
      "queue_pending_count_after": 0,
      "queue_snapshot_after": {
        "context_id": 0,
        "doorbell": 0,
        "errors": 0,
        "flags": 259,
        "head": 0,
        "lifecycle": "idle",
        "pending_count": 0,
        "priority": 1,
        "queue_id": 1,
        "retired": 0,
        "ring_base": "0x10001000",
        "ring_size_bytes": 4096,
        "submitted": 0,
        "tail": 0
      },
      "queue_snapshot_after_ok": true,
      "sequence": 6,
      "skipped": "no executable Ventus metadata supplied for native RTL dispatch"
    },
    {
      "called": "celviz_gpgpu_runtime_proxy_submit_kernel",
      "last_event_after": {
        "abi_version": 1,
        "command": {
          "abi_version": 1,
          "context_id": 0,
          "end_time": 20,
          "error": "OK",
          "error_value": 0,
          "flags": 0,
          "opcode": "nop",
          "opcode_value": 0,
          "queue_id": 0,
          "sequence": 0,
          "start_time": 0,
          "status": "complete",
          "status_value": 4,
          "submit_tag": 0,
          "submit_time": 0
        },
        "event_flags": 1,
        "fault_access": 0,
        "fault_address": "0x0",
        "shader_context": 0
      },
      "last_event_after_ok": true,
      "ok": false,
      "opcode": "kernel_dispatch",
      "pending_count_after": 0,
      "queue_id": 1,
      "queue_pending_count_after": 0,
      "queue_snapshot_after": {
        "context_id": 0,
        "doorbell": 0,
        "errors": 0,
        "flags": 259,
        "head": 0,
        "lifecycle": "idle",
        "pending_count": 0,
        "priority": 1,
        "queue_id": 1,
        "retired": 0,
        "ring_base": "0x10001000",
        "ring_size_bytes": 4096,
        "submitted": 0,
        "tail": 0
      },
      "queue_snapshot_after_ok": true,
      "sequence": 7,
      "skipped": "no executable Ventus metadata supplied for native RTL dispatch"
    },
    {
      "bytes": 128,
      "called": "celviz_gpgpu_runtime_proxy_submit_copy_h2d",
      "data_sha256": "349d65e9ba1de7b0a13f9a3eadcc5b0202f15d6008fe9477f2a7b80f6194b20f",
      "dst_addr": "0x80004000",
      "error_value": 0,
      "last_event_after": {
        "abi_version": 1,
        "command": {
          "abi_version": 1,
          "context_id": 0,
          "end_time": 20,
          "error": "OK",
          "error_value": 0,
          "flags": 0,
          "opcode": "dma_copy",
          "opcode_value": 2,
          "queue_id": 0,
          "sequence": 4,
          "start_time": 20,
          "status": "complete",
          "status_value": 4,
          "submit_tag": 4,
          "submit_time": 20
        },
        "event_flags": 1,
        "fault_access": 0,
        "fault_address": "0x0",
        "shader_context": 0
      },
      "last_event_after_ok": true,
      "ok": true,
      "opcode": "host_to_device",
      "pending_count_after": 0,
      "polled_status": {
        "abi_version": 1,
        "context_id": 0,
        "end_time": 20,
        "error": "OK",
        "error_value": 0,
        "flags": 0,
        "opcode": "dma_copy",
        "opcode_value": 2,
        "queue_id": 0,
        "sequence": 4,
        "start_time": 20,
        "status": "complete",
        "status_value": 4,
        "submit_tag": 4,
        "submit_time": 20
      },
      "polled_status_ok": true,
      "queue_id": 0,
      "queue_pending_count_after": 0,
      "queue_snapshot_after": {
        "context_id": 0,
        "doorbell": 4,
        "errors": 0,
        "flags": 259,
        "head": 4,
        "lifecycle": "idle",
        "pending_count": 0,
        "priority": 2,
        "queue_id": 0,
        "retired": 4,
        "ring_base": "0x10000000",
        "ring_size_bytes": 4096,
        "submitted": 4,
        "tail": 4
      },
      "queue_snapshot_after_ok": true,
      "sequence": 8,
      "status": {
        "abi_version": 1,
        "context_id": 0,
        "end_time": 20,
        "error": "OK",
        "error_value": 0,
        "flags": 0,
        "opcode": "dma_copy",
        "opcode_value": 2,
        "queue_id": 0,
        "sequence": 4,
        "start_time": 20,
        "status": "complete",
        "status_value": 4,
        "submit_tag": 4,
        "submit_time": 20
      }
    },
    {
      "bytes": 128,
      "called": "celviz_gpgpu_runtime_proxy_submit_fill",
      "data_sha256": "4ca42b66467a106e71b9486bb98e9ef2ea9cc5fed7230a98f4062e56b167f009",
      "dst_addr": "0x80005000",
      "error_value": 0,
      "last_event_after": {
        "abi_version": 1,
        "command": {
          "abi_version": 1,
          "context_id": 0,
          "end_time": 20,
          "error": "OK",
          "error_value": 0,
          "flags": 0,
          "opcode": "dma_fill",
          "opcode_value": 3,
          "queue_id": 2,
          "sequence": 5,
          "start_time": 20,
          "status": "complete",
          "status_value": 4,
          "submit_tag": 5,
          "submit_time": 20
        },
        "event_flags": 1,
        "fault_access": 0,
        "fault_address": "0x0",
        "shader_context": 0
      },
      "last_event_after_ok": true,
      "ok": true,
      "opcode": "dma_fill",
      "pattern_u32": "0xa5a55a5a",
      "pending_count_after": 0,
      "polled_status": {
        "abi_version": 1,
        "context_id": 0,
        "end_time": 20,
        "error": "OK",
        "error_value": 0,
        "flags": 0,
        "opcode": "dma_fill",
        "opcode_value": 3,
        "queue_id": 2,
        "sequence": 5,
        "start_time": 20,
        "status": "complete",
        "status_value": 4,
        "submit_tag": 5,
        "submit_time": 20
      },
      "polled_status_ok": true,
      "queue_id": 2,
      "queue_pending_count_after": 0,
      "queue_snapshot_after": {
        "context_id": 0,
        "doorbell": 1,
        "errors": 0,
        "flags": 259,
        "head": 1,
        "lifecycle": "idle",
        "pending_count": 0,
        "priority": 0,
        "queue_id": 2,
        "retired": 1,
        "ring_base": "0x10002000",
        "ring_size_bytes": 4096,
        "submitted": 1,
        "tail": 1
      },
      "queue_snapshot_after_ok": true,
      "sequence": 9,
      "status": {
        "abi_version": 1,
        "context_id": 0,
        "end_time": 20,
        "error": "OK",
        "error_value": 0,
        "flags": 0,
        "opcode": "dma_fill",
        "opcode_value": 3,
        "queue_id": 2,
        "sequence": 5,
        "start_time": 20,
        "status": "complete",
        "status_value": 4,
        "submit_tag": 5,
        "submit_time": 20
      }
    },
    {
      "bytes": 128,
      "called": "celviz_gpgpu_runtime_proxy_submit_copy_d2h+submit_copy_h2d",
      "dst_addr": "0x80005100",
      "last_event_after": {
        "abi_version": 1,
        "command": {
          "abi_version": 1,
          "context_id": 0,
          "end_time": 20,
          "error": "OK",
          "error_value": 0,
          "flags": 0,
          "opcode": "dma_copy",
          "opcode_value": 2,
          "queue_id": 2,
          "sequence": 7,
          "start_time": 20,
          "status": "complete",
          "status_value": 4,
          "submit_tag": 7,
          "submit_time": 20
        },
        "event_flags": 1,
        "fault_access": 0,
        "fault_address": "0x0",
        "shader_context": 0
      },
      "last_event_after_ok": true,
      "ok": true,
      "opcode": "dma_copy",
      "pending_count_after": 0,
      "queue_id": 2,
      "queue_pending_count_after": 0,
      "queue_snapshot_after": {
        "context_id": 0,
        "doorbell": 3,
        "errors": 0,
        "flags": 259,
        "head": 3,
        "lifecycle": "idle",
        "pending_count": 0,
        "priority": 0,
        "queue_id": 2,
        "retired": 3,
        "ring_base": "0x10002000",
        "ring_size_bytes": 4096,
        "submitted": 3,
        "tail": 3
      },
      "queue_snapshot_after_ok": true,
      "read_error_value": 0,
      "read_polled_status": {
        "abi_version": 1,
        "context_id": 0,
        "end_time": 20,
        "error": "OK",
        "error_value": 0,
        "flags": 0,
        "opcode": "dma_copy",
        "opcode_value": 2,
        "queue_id": 2,
        "sequence": 6,
        "start_time": 20,
        "status": "complete",
        "status_value": 4,
        "submit_tag": 6,
        "submit_time": 20
      },
      "read_polled_status_ok": true,
      "read_status": {
        "abi_version": 1,
        "context_id": 0,
        "end_time": 20,
        "error": "OK",
        "error_value": 0,
        "flags": 0,
        "opcode": "dma_copy",
        "opcode_value": 2,
        "queue_id": 2,
        "sequence": 6,
        "start_time": 20,
        "status": "complete",
        "status_value": 4,
        "submit_tag": 6,
        "submit_time": 20
      },
      "sequence": 10,
      "src_addr": "0x80004000",
      "write_error_value": 0,
      "write_polled_status": {
        "abi_version": 1,
        "context_id": 0,
        "end_time": 20,
        "error": "OK",
        "error_value": 0,
        "flags": 0,
        "opcode": "dma_copy",
        "opcode_value": 2,
        "queue_id": 2,
        "sequence": 7,
        "start_time": 20,
        "status": "complete",
        "status_value": 4,
        "submit_tag": 7,
        "submit_time": 20
      },
      "write_polled_status_ok": true,
      "write_status": {
        "abi_version": 1,
        "context_id": 0,
        "end_time": 20,
        "error": "OK",
        "error_value": 0,
        "flags": 0,
        "opcode": "dma_copy",
        "opcode_value": 2,
        "queue_id": 2,
        "sequence": 7,
        "start_time": 20,
        "status": "complete",
        "status_value": 4,
        "submit_tag": 7,
        "submit_time": 20
      }
    },
    {
      "called": "celviz_gpgpu_runtime_proxy_signal_named_fence",
      "error_value": 0,
      "event": {
        "abi_version": 1,
        "command": {
          "abi_version": 1,
          "context_id": 0,
          "end_time": 20,
          "error": "OK",
          "error_value": 0,
          "flags": 0,
          "opcode": "nop",
          "opcode_value": 0,
          "queue_id": 0,
          "sequence": 0,
          "start_time": 0,
          "status": "complete",
          "status_value": 4,
          "submit_tag": 0,
          "submit_time": 0
        },
        "event_flags": 1,
        "fault_access": 0,
        "fault_address": "0x0",
        "shader_context": 0
      },
      "fence": "staging_copy_ready",
      "last_event_after": {
        "abi_version": 1,
        "command": {
          "abi_version": 1,
          "context_id": 0,
          "end_time": 20,
          "error": "OK",
          "error_value": 0,
          "flags": 0,
          "opcode": "nop",
          "opcode_value": 0,
          "queue_id": 0,
          "sequence": 0,
          "start_time": 0,
          "status": "complete",
          "status_value": 4,
          "submit_tag": 0,
          "submit_time": 0
        },
        "event_flags": 1,
        "fault_access": 0,
        "fault_address": "0x0",
        "shader_context": 0
      },
      "last_event_after_ok": true,
      "ok": true,
      "opcode": "fence_signal",
      "pending_count_after": 0,
      "queue_id": 2,
      "queue_pending_count_after": 0,
      "queue_snapshot_after": {
        "context_id": 0,
        "doorbell": 3,
        "errors": 0,
        "flags": 259,
        "head": 3,
        "lifecycle": "idle",
        "pending_count": 0,
        "priority": 0,
        "queue_id": 2,
        "retired": 3,
        "ring_base": "0x10002000",
        "ring_size_bytes": 4096,
        "submitted": 3,
        "tail": 3
      },
      "queue_snapshot_after_ok": true,
      "sequence": 11,
      "value": 2
    },
    {
      "called": "celviz_gpgpu_runtime_proxy_wait_named_fence",
      "error_value": 0,
      "event": {
        "abi_version": 1,
        "command": {
          "abi_version": 1,
          "context_id": 0,
          "end_time": 20,
          "error": "OK",
          "error_value": 0,
          "flags": 0,
          "opcode": "nop",
          "opcode_value": 0,
          "queue_id": 0,
          "sequence": 0,
          "start_time": 0,
          "status": "complete",
          "status_value": 4,
          "submit_tag": 0,
          "submit_time": 0
        },
        "event_flags": 1,
        "fault_access": 0,
        "fault_address": "0x0",
        "shader_context": 0
      },
      "event_flags": 1,
      "event_status": {
        "abi_version": 1,
        "context_id": 0,
        "end_time": 20,
        "error": "OK",
        "error_value": 0,
        "flags": 0,
        "opcode": "nop",
        "opcode_value": 0,
        "queue_id": 0,
        "sequence": 0,
        "start_time": 0,
        "status": "complete",
        "status_value": 4,
        "submit_tag": 0,
        "submit_time": 0
      },
      "fence": "staging_copy_ready",
      "last_event_after": {
        "abi_version": 1,
        "command": {
          "abi_version": 1,
          "context_id": 0,
          "end_time": 20,
          "error": "OK",
          "error_value": 0,
          "flags": 0,
          "opcode": "nop",
          "opcode_value": 0,
          "queue_id": 0,
          "sequence": 0,
          "start_time": 0,
          "status": "complete",
          "status_value": 4,
          "submit_tag": 0,
          "submit_time": 0
        },
        "event_flags": 1,
        "fault_access": 0,
        "fault_address": "0x0",
        "shader_context": 0
      },
      "last_event_after_ok": true,
      "ok": true,
      "opcode": "fence_wait",
      "pending_count_after": 0,
      "queue_id": 1,
      "queue_pending_count_after": 0,
      "queue_snapshot_after": {
        "context_id": 0,
        "doorbell": 0,
        "errors": 0,
        "flags": 259,
        "head": 0,
        "lifecycle": "idle",
        "pending_count": 0,
        "priority": 1,
        "queue_id": 1,
        "retired": 0,
        "ring_base": "0x10001000",
        "ring_size_bytes": 4096,
        "submitted": 0,
        "tail": 0
      },
      "queue_snapshot_after_ok": true,
      "sequence": 12,
      "timeout_cycles": 2048,
      "value": 2
    },
    {
      "bytes": 128,
      "called": "celviz_gpgpu_runtime_proxy_submit_copy_d2h",
      "data_sha256": "349d65e9ba1de7b0a13f9a3eadcc5b0202f15d6008fe9477f2a7b80f6194b20f",
      "error_value": 0,
      "last_event_after": {
        "abi_version": 1,
        "command": {
          "abi_version": 1,
          "context_id": 0,
          "end_time": 20,
          "error": "OK",
          "error_value": 0,
          "flags": 0,
          "opcode": "dma_copy",
          "opcode_value": 2,
          "queue_id": 1,
          "sequence": 8,
          "start_time": 20,
          "status": "complete",
          "status_value": 4,
          "submit_tag": 8,
          "submit_time": 20
        },
        "event_flags": 1,
        "fault_access": 0,
        "fault_address": "0x0",
        "shader_context": 0
      },
      "last_event_after_ok": true,
      "ok": true,
      "opcode": "device_to_host",
      "pending_count_after": 0,
      "polled_status": {
        "abi_version": 1,
        "context_id": 0,
        "end_time": 20,
        "error": "OK",
        "error_value": 0,
        "flags": 0,
        "opcode": "dma_copy",
        "opcode_value": 2,
        "queue_id": 1,
        "sequence": 8,
        "start_time": 20,
        "status": "complete",
        "status_value": 4,
        "submit_tag": 8,
        "submit_time": 20
      },
      "polled_status_ok": true,
      "queue_id": 1,
      "queue_pending_count_after": 0,
      "queue_snapshot_after": {
        "context_id": 0,
        "doorbell": 1,
        "errors": 0,
        "flags": 259,
        "head": 1,
        "lifecycle": "idle",
        "pending_count": 0,
        "priority": 1,
        "queue_id": 1,
        "retired": 1,
        "ring_base": "0x10001000",
        "ring_size_bytes": 4096,
        "submitted": 1,
        "tail": 1
      },
      "queue_snapshot_after_ok": true,
      "sequence": 14,
      "src_addr": "0x80005100",
      "status": {
        "abi_version": 1,
        "context_id": 0,
        "end_time": 20,
        "error": "OK",
        "error_value": 0,
        "flags": 0,
        "opcode": "dma_copy",
        "opcode_value": 2,
        "queue_id": 1,
        "sequence": 8,
        "start_time": 20,
        "status": "complete",
        "status_value": 4,
        "submit_tag": 8,
        "submit_time": 20
      }
    },
    {
      "called": "celviz_gpgpu_runtime_proxy_submit_kernel",
      "error_injection": {
        "available": true,
        "called": "celviz_gpgpu_runtime_proxy_inject_next_error",
        "error": "ERR_SCHEDULER_FAULT",
        "error_value": 514,
        "fault_address": "0x80003000",
        "ok": true,
        "requested": true,
        "return_error_value": 0
      },
      "expected_error": "ERR_SCHEDULER_FAULT",
      "last_event_after": {
        "abi_version": 1,
        "command": {
          "abi_version": 1,
          "context_id": 0,
          "end_time": 20,
          "error": "OK",
          "error_value": 0,
          "flags": 0,
          "opcode": "dma_copy",
          "opcode_value": 2,
          "queue_id": 1,
          "sequence": 8,
          "start_time": 20,
          "status": "complete",
          "status_value": 4,
          "submit_tag": 8,
          "submit_time": 20
        },
        "event_flags": 1,
        "fault_access": 0,
        "fault_address": "0x0",
        "shader_context": 0
      },
      "last_event_after_ok": true,
      "ok": false,
      "opcode": "kernel_dispatch",
      "pending_count_after": 0,
      "queue_id": 1,
      "queue_pending_count_after": 0,
      "queue_snapshot_after": {
        "context_id": 0,
        "doorbell": 1,
        "errors": 0,
        "flags": 259,
        "head": 1,
        "lifecycle": "idle",
        "pending_count": 0,
        "priority": 1,
        "queue_id": 1,
        "retired": 1,
        "ring_base": "0x10001000",
        "ring_size_bytes": 4096,
        "submitted": 1,
        "tail": 1
      },
      "queue_snapshot_after_ok": true,
      "sequence": 17,
      "skipped": "no executable Ventus metadata supplied for native RTL dispatch"
    },
    {
      "bytes": 64,
      "called": "celviz_gpgpu_runtime_proxy_submit_copy_d2h+submit_copy_h2d",
      "dst_addr": "0x80002000",
      "error_injection": {
        "available": true,
        "called": "celviz_gpgpu_runtime_proxy_inject_next_error",
        "error": "ERR_MMU_FAULT",
        "error_value": 9,
        "fault_address": "0xdead0000",
        "ok": true,
        "requested": true,
        "return_error_value": 0
      },
      "expected_error": "ERR_MMU_FAULT",
      "last_event_after": {
        "abi_version": 1,
        "command": {
          "abi_version": 1,
          "context_id": 0,
          "end_time": 20,
          "error": "ERR_MMU_FAULT",
          "error_value": 9,
          "flags": 0,
          "opcode": "dma_copy",
          "opcode_value": 2,
          "queue_id": 0,
          "sequence": 9,
          "start_time": 20,
          "status": "error",
          "status_value": 5,
          "submit_tag": 9,
          "submit_time": 20
        },
        "event_flags": 10,
        "fault_access": 0,
        "fault_address": "0xdead0000",
        "shader_context": 0
      },
      "last_event_after_ok": true,
      "ok": false,
      "opcode": "dma_copy",
      "pending_count_after": 0,
      "queue_id": 0,
      "queue_pending_count_after": 0,
      "queue_snapshot_after": {
        "context_id": 0,
        "doorbell": 5,
        "errors": 1,
        "flags": 259,
        "head": 5,
        "lifecycle": "error",
        "pending_count": 0,
        "priority": 2,
        "queue_id": 0,
        "retired": 5,
        "ring_base": "0x10000000",
        "ring_size_bytes": 4096,
        "submitted": 5,
        "tail": 5
      },
      "queue_snapshot_after_ok": true,
      "read_error_value": 9,
      "read_polled_status": {
        "abi_version": 1,
        "context_id": 0,
        "end_time": 20,
        "error": "ERR_MMU_FAULT",
        "error_value": 9,
        "flags": 0,
        "opcode": "dma_copy",
        "opcode_value": 2,
        "queue_id": 0,
        "sequence": 9,
        "start_time": 20,
        "status": "error",
        "status_value": 5,
        "submit_tag": 9,
        "submit_time": 20
      },
      "read_polled_status_ok": true,
      "read_status": {
        "abi_version": 1,
        "context_id": 0,
        "end_time": 20,
        "error": "ERR_MMU_FAULT",
        "error_value": 9,
        "flags": 0,
        "opcode": "dma_copy",
        "opcode_value": 2,
        "queue_id": 0,
        "sequence": 9,
        "start_time": 20,
        "status": "error",
        "status_value": 5,
        "submit_tag": 9,
        "submit_time": 20
      },
      "sequence": 18,
      "src_addr": "0xdead0000",
      "write_error_value": 9,
      "write_status": {
        "abi_version": 0,
        "context_id": 0,
        "end_time": 0,
        "error": "OK",
        "error_value": 0,
        "flags": 0,
        "opcode": "nop",
        "opcode_value": 0,
        "queue_id": 0,
        "sequence": 0,
        "start_time": 0,
        "status": "new",
        "status_value": 0,
        "submit_tag": 0,
        "submit_time": 0
      }
    },
    {
      "called": "celviz_gpgpu_runtime_proxy_wait_named_fence",
      "error_value": 256,
      "event": {
        "abi_version": 1,
        "command": {
          "abi_version": 1,
          "context_id": 0,
          "end_time": 60,
          "error": "ERR_FENCE_WAIT",
          "error_value": 256,
          "flags": 0,
          "opcode": "nop",
          "opcode_value": 0,
          "queue_id": 0,
          "sequence": 0,
          "start_time": 0,
          "status": "timeout",
          "status_value": 7,
          "submit_tag": 0,
          "submit_time": 0
        },
        "event_flags": 16,
        "fault_access": 0,
        "fault_address": "0x0",
        "shader_context": 0
      },
      "event_flags": 16,
      "event_status": {
        "abi_version": 1,
        "context_id": 0,
        "end_time": 60,
        "error": "ERR_FENCE_WAIT",
        "error_value": 256,
        "flags": 0,
        "opcode": "nop",
        "opcode_value": 0,
        "queue_id": 0,
        "sequence": 0,
        "start_time": 0,
        "status": "timeout",
        "status_value": 7,
        "submit_tag": 0,
        "submit_time": 0
      },
      "expected_error": "ERR_FENCE_WAIT",
      "fence": "never_signaled",
      "last_event_after": {
        "abi_version": 1,
        "command": {
          "abi_version": 1,
          "context_id": 0,
          "end_time": 60,
          "error": "ERR_FENCE_WAIT",
          "error_value": 256,
          "flags": 0,
          "opcode": "nop",
          "opcode_value": 0,
          "queue_id": 0,
          "sequence": 0,
          "start_time": 0,
          "status": "timeout",
          "status_value": 7,
          "submit_tag": 0,
          "submit_time": 0
        },
        "event_flags": 16,
        "fault_access": 0,
        "fault_address": "0x0",
        "shader_context": 0
      },
      "last_event_after_ok": true,
      "ok": false,
      "opcode": "fence_wait",
      "pending_count_after": 0,
      "queue_id": 0,
      "queue_pending_count_after": 0,
      "queue_snapshot_after": {
        "context_id": 0,
        "doorbell": 5,
        "errors": 1,
        "flags": 259,
        "head": 5,
        "lifecycle": "error",
        "pending_count": 0,
        "priority": 2,
        "queue_id": 0,
        "retired": 5,
        "ring_base": "0x10000000",
        "ring_size_bytes": 4096,
        "submitted": 5,
        "tail": 5
      },
      "queue_snapshot_after_ok": true,
      "sequence": 19,
      "timeout_cycles": 8,
      "value": 1
    }
  ],
  "native_proxy_snapshot": {
    "abi_symbol_coverage": {
      "complete": true,
      "missing_count": 0,
      "missing_symbols": [],
      "optional_count": 13,
      "optional_missing_count": 0,
      "optional_missing_symbols": [],
      "optional_present_count": 13,
      "optional_present_symbols": [
        "celviz_gpgpu_runtime_proxy_get_queue_by_id",
        "celviz_gpgpu_runtime_proxy_get_queue_pending_count",
        "celviz_gpgpu_runtime_proxy_reset_queue",
        "celviz_gpgpu_runtime_proxy_submit_kernel",
        "celviz_gpgpu_runtime_proxy_inject_next_error",
        "celviz_gpgpu_runtime_proxy_submit_fault",
        "celviz_gpgpu_runtime_proxy_step",
        "celviz_gpgpu_runtime_proxy_get_command_status",
        "celviz_gpgpu_runtime_proxy_get_last_event",
        "celviz_gpgpu_runtime_proxy_get_fence_value",
        "celviz_gpgpu_runtime_proxy_get_named_fence_value",
        "celviz_gpgpu_runtime_proxy_signal_fence",
        "celviz_gpgpu_runtime_proxy_wait_fence"
      ],
      "present_count": 22,
      "present_symbols": [
        "ventus_rtlsim_get_default_config",
        "ventus_rtlsim_init",
        "ventus_rtlsim_finish",
        "ventus_rtlsim_step",
        "ventus_rtlsim_add_kernel",
        "ventus_rtlsim_pmemcpy_h2d",
        "ventus_rtlsim_pmemcpy_d2h",
        "ventus_rtlsim_get_time",
        "celviz_gpgpu_device_tier_get_default",
        "celviz_gpgpu_runtime_proxy_attach",
        "celviz_gpgpu_runtime_proxy_detach",
        "celviz_gpgpu_runtime_proxy_submit_copy_h2d",
        "celviz_gpgpu_runtime_proxy_submit_copy_d2h",
        "celviz_gpgpu_runtime_proxy_submit_fill",
        "celviz_gpgpu_runtime_proxy_get_device",
        "celviz_gpgpu_runtime_proxy_get_queue_count",
        "celviz_gpgpu_runtime_proxy_get_queue_snapshot",
        "celviz_gpgpu_runtime_proxy_get_pending_count",
        "celviz_gpgpu_runtime_proxy_get_metrics",
        "celviz_gpgpu_runtime_proxy_reset_metrics",
        "celviz_gpgpu_runtime_proxy_signal_named_fence",
        "celviz_gpgpu_runtime_proxy_wait_named_fence"
      ],
      "required_count": 22
    },
    "device": {
      "abi_version": 1,
      "address_bits": 64,
      "flags": 0,
      "fp16_ops_per_cycle": 2,
      "fp32_ops_per_cycle": 1,
      "max_workgroup_size": 512,
      "public_reference_tier": "clean-room Celviz GPGPU proxy",
      "queue_count": 3,
      "shader_unit_count": 4,
      "tier_id": 3,
      "tier_name": "Ventus RTL simulation proxy",
      "warp_size": 32
    },
    "device_ok": true,
    "fence_value": 9,
    "last_event": {
      "abi_version": 1,
      "command": {
        "abi_version": 1,
        "context_id": 0,
        "end_time": 60,
        "error": "ERR_FENCE_WAIT",
        "error_value": 256,
        "flags": 0,
        "opcode": "nop",
        "opcode_value": 0,
        "queue_id": 0,
        "sequence": 0,
        "start_time": 0,
        "status": "timeout",
        "status_value": 7,
        "submit_tag": 0,
        "submit_time": 0
      },
      "event_flags": 16,
      "fault_access": 0,
      "fault_address": "0x0",
      "shader_context": 0
    },
    "last_event_ok": true,
    "metrics": {
      "axi_read_beats": 0,
      "axi_read_transactions": 0,
      "axi_write_beats": 0,
      "axi_write_transactions": 0,
      "bytes_moved": 1408,
      "bytes_read": 512,
      "bytes_written": 896,
      "commands_completed": 8,
      "commands_failed": 1,
      "commands_submitted": 9,
      "completion_interrupts": 8,
      "dma_copies": 7,
      "dma_fills": 2,
      "error_interrupts": 2,
      "fence_signals": 2,
      "fence_waits": 3,
      "kernel_dispatches": 0,
      "mmu_faults": 1,
      "queue_errors": 1,
      "resets": 1,
      "rtlsim_time": 60,
      "scheduler_faults": 0
    },
    "metrics_ok": true,
    "native_pass_fail_summary": {
      "by_opcode": {
        "device_to_host": {
          "errors": 0,
          "failed": 0,
          "passed": 1,
          "skipped": 0,
          "total": 1
        },
        "dma_copy": {
          "errors": 0,
          "failed": 0,
          "passed": 3,
          "skipped": 0,
          "total": 3
        },
        "dma_fill": {
          "errors": 0,
          "failed": 0,
          "passed": 2,
          "skipped": 0,
          "total": 2
        },
        "fence_signal": {
          "errors": 0,
          "failed": 0,
          "passed": 2,
          "skipped": 0,
          "total": 2
        },
        "fence_wait": {
          "errors": 0,
          "failed": 0,
          "passed": 3,
          "skipped": 0,
          "total": 3
        },
        "host_to_device": {
          "errors": 0,
          "failed": 0,
          "passed": 1,
          "skipped": 0,
          "total": 1
        },
        "kernel_dispatch": {
          "errors": 0,
          "failed": 0,
          "passed": 0,
          "skipped": 3,
          "total": 3
        },
        "reset": {
          "errors": 0,
          "failed": 0,
          "passed": 1,
          "skipped": 0,
          "total": 1
        }
      },
      "errors": 0,
      "failed": 0,
      "passed": 13,
      "skipped": 3,
      "status": "pass",
      "total": 16
    },
    "pending_count": 0,
    "queue_totals": {
      "errors": 1,
      "pending_count": 0,
      "queue_count": 3,
      "retired": 9,
      "ring_size_bytes": 12288,
      "submitted": 9
    },
    "queues": [
      {
        "context_id": 0,
        "doorbell": 5,
        "errors": 1,
        "flags": 259,
        "head": 5,
        "lifecycle": "error",
        "pending_count": 0,
        "priority": 2,
        "queue_id": 0,
        "queue_pending_count": 0,
        "retired": 5,
        "ring_base": "0x10000000",
        "ring_size_bytes": 4096,
        "submitted": 5,
        "tail": 5
      },
      {
        "context_id": 0,
        "doorbell": 1,
        "errors": 0,
        "flags": 259,
        "head": 1,
        "lifecycle": "idle",
        "pending_count": 0,
        "priority": 1,
        "queue_id": 1,
        "queue_pending_count": 0,
        "retired": 1,
        "ring_base": "0x10001000",
        "ring_size_bytes": 4096,
        "submitted": 1,
        "tail": 1
      },
      {
        "context_id": 0,
        "doorbell": 3,
        "errors": 0,
        "flags": 259,
        "head": 3,
        "lifecycle": "idle",
        "pending_count": 0,
        "priority": 0,
        "queue_id": 2,
        "queue_pending_count": 0,
        "retired": 3,
        "ring_base": "0x10002000",
        "ring_size_bytes": 4096,
        "submitted": 3,
        "tail": 3
      }
    ]
  },
  "native_runtime_acceptance": {
    "categories": {
      "dma_copy": {
        "expected_error_passes": 1,
        "failed": 0,
        "observed": 3,
        "opcodes": [
          "dma_copy"
        ],
        "passed": 3,
        "sequences": [
          3,
          10,
          18
        ]
      },
      "dma_fill": {
        "expected_error_passes": 0,
        "failed": 0,
        "observed": 2,
        "opcodes": [
          "dma_fill"
        ],
        "passed": 2,
        "sequences": [
          2,
          9
        ]
      },
      "fence": {
        "expected_error_passes": 1,
        "failed": 0,
        "observed": 5,
        "opcodes": [
          "fence_signal",
          "fence_wait"
        ],
        "passed": 5,
        "sequences": [
          4,
          5,
          11,
          12,
          19
        ]
      }
    },
    "failed_categories": [],
    "failed_feature_categories": [],
    "feature_categories": {
      "error_injection": {
        "available": true,
        "failed": 0,
        "observed": 2,
        "requested": 2,
        "status": "pass"
      },
      "last_event": {
        "available": true,
        "observed": 16,
        "status": "pass"
      },
      "queue_lifecycle": {
        "available": true,
        "errors": 1,
        "observed": 3,
        "pending_count": 0,
        "status": "pass"
      },
      "status_polling": {
        "available": true,
        "failed": 0,
        "observed": 7,
        "status": "pass"
      }
    },
    "missing_categories": [],
    "required_categories": [
      "dma_copy",
      "dma_fill",
      "fence"
    ],
    "status": "pass"
  },
  "pending_count": 0,
  "queue_lifecycle": {
    "native": {
      "queue_count": 3,
      "queues": [
        {
          "context_id": 0,
          "doorbell": 5,
          "errors": 1,
          "flags": 259,
          "head": 5,
          "lifecycle": "error",
          "pending_count": 0,
          "priority": 2,
          "queue_id": 0,
          "queue_pending_count": 0,
          "retired": 5,
          "ring_base": "0x10000000",
          "ring_size_bytes": 4096,
          "submitted": 5,
          "tail": 5
        },
        {
          "context_id": 0,
          "doorbell": 1,
          "errors": 0,
          "flags": 259,
          "head": 1,
          "lifecycle": "idle",
          "pending_count": 0,
          "priority": 1,
          "queue_id": 1,
          "queue_pending_count": 0,
          "retired": 1,
          "ring_base": "0x10001000",
          "ring_size_bytes": 4096,
          "submitted": 1,
          "tail": 1
        },
        {
          "context_id": 0,
          "doorbell": 3,
          "errors": 0,
          "flags": 259,
          "head": 3,
          "lifecycle": "idle",
          "pending_count": 0,
          "priority": 0,
          "queue_id": 2,
          "queue_pending_count": 0,
          "retired": 3,
          "ring_base": "0x10002000",
          "ring_size_bytes": 4096,
          "submitted": 3,
          "tail": 3
        }
      ],
      "source": "ctypes_runtime_proxy",
      "totals": {
        "errors": 1,
        "pending_count": 0,
        "queue_count": 3,
        "retired": 9,
        "ring_size_bytes": 12288,
        "submitted": 9
      }
    },
    "queue_count": 3,
    "queues": [
      {
        "base": "0x10000000",
        "errors": 2,
        "head": 704,
        "lifecycle": "error",
        "pending_count": 0,
        "priority": 2,
        "queue_id": 0,
        "retired": 7,
        "size_bytes": 4096,
        "submitted": 7,
        "tail": 704
      },
      {
        "base": "0x10001000",
        "errors": 1,
        "head": 992,
        "lifecycle": "error",
        "pending_count": 0,
        "priority": 1,
        "queue_id": 1,
        "retired": 9,
        "size_bytes": 4096,
        "submitted": 9,
        "tail": 992
      },
      {
        "base": "0x10002000",
        "errors": 0,
        "head": 304,
        "lifecycle": "idle",
        "pending_count": 0,
        "priority": 0,
        "queue_id": 2,
        "retired": 3,
        "size_bytes": 4096,
        "submitted": 3,
        "tail": 304
      }
    ],
    "source": "control_plane",
    "totals": {
      "errors": 3,
      "pending_count": 0,
      "queue_count": 3,
      "retired": 19,
      "ring_size_bytes": 0,
      "submitted": 19
    }
  },
  "runtime_bridge": {
    "library_path": "/private/tmp/ventus-gpgpu-celviz-coverage-build/sim-verilator/build/libVentusRTL/debug/libVentusRTL.so",
    "mode": "ctypes_bound",
    "optional_symbols": {
      "missing": [],
      "present": [
        "celviz_gpgpu_runtime_proxy_get_queue_by_id",
        "celviz_gpgpu_runtime_proxy_get_queue_pending_count",
        "celviz_gpgpu_runtime_proxy_reset_queue",
        "celviz_gpgpu_runtime_proxy_submit_kernel",
        "celviz_gpgpu_runtime_proxy_inject_next_error",
        "celviz_gpgpu_runtime_proxy_submit_fault",
        "celviz_gpgpu_runtime_proxy_step",
        "celviz_gpgpu_runtime_proxy_get_command_status",
        "celviz_gpgpu_runtime_proxy_get_last_event",
        "celviz_gpgpu_runtime_proxy_get_fence_value",
        "celviz_gpgpu_runtime_proxy_get_named_fence_value",
        "celviz_gpgpu_runtime_proxy_signal_fence",
        "celviz_gpgpu_runtime_proxy_wait_fence"
      ]
    },
    "symbols": [
      "ventus_rtlsim_get_default_config",
      "ventus_rtlsim_init",
      "ventus_rtlsim_finish",
      "ventus_rtlsim_step",
      "ventus_rtlsim_add_kernel",
      "ventus_rtlsim_pmemcpy_h2d",
      "ventus_rtlsim_pmemcpy_d2h",
      "ventus_rtlsim_get_time",
      "celviz_gpgpu_device_tier_get_default",
      "celviz_gpgpu_runtime_proxy_attach",
      "celviz_gpgpu_runtime_proxy_detach",
      "celviz_gpgpu_runtime_proxy_submit_copy_h2d",
      "celviz_gpgpu_runtime_proxy_submit_copy_d2h",
      "celviz_gpgpu_runtime_proxy_submit_fill",
      "celviz_gpgpu_runtime_proxy_get_device",
      "celviz_gpgpu_runtime_proxy_get_queue_count",
      "celviz_gpgpu_runtime_proxy_get_queue_snapshot",
      "celviz_gpgpu_runtime_proxy_get_pending_count",
      "celviz_gpgpu_runtime_proxy_get_metrics",
      "celviz_gpgpu_runtime_proxy_reset_metrics",
      "celviz_gpgpu_runtime_proxy_signal_named_fence",
      "celviz_gpgpu_runtime_proxy_wait_named_fence"
    ]
  },
  "runtime_evidence": {
    "abi_symbol_coverage": {
      "complete": true,
      "missing_count": 0,
      "missing_symbols": [],
      "optional_count": 13,
      "optional_missing_count": 0,
      "optional_missing_symbols": [],
      "optional_present_count": 13,
      "optional_present_symbols": [
        "celviz_gpgpu_runtime_proxy_get_queue_by_id",
        "celviz_gpgpu_runtime_proxy_get_queue_pending_count",
        "celviz_gpgpu_runtime_proxy_reset_queue",
        "celviz_gpgpu_runtime_proxy_submit_kernel",
        "celviz_gpgpu_runtime_proxy_inject_next_error",
        "celviz_gpgpu_runtime_proxy_submit_fault",
        "celviz_gpgpu_runtime_proxy_step",
        "celviz_gpgpu_runtime_proxy_get_command_status",
        "celviz_gpgpu_runtime_proxy_get_last_event",
        "celviz_gpgpu_runtime_proxy_get_fence_value",
        "celviz_gpgpu_runtime_proxy_get_named_fence_value",
        "celviz_gpgpu_runtime_proxy_signal_fence",
        "celviz_gpgpu_runtime_proxy_wait_fence"
      ],
      "present_count": 22,
      "present_symbols": [
        "ventus_rtlsim_get_default_config",
        "ventus_rtlsim_init",
        "ventus_rtlsim_finish",
        "ventus_rtlsim_step",
        "ventus_rtlsim_add_kernel",
        "ventus_rtlsim_pmemcpy_h2d",
        "ventus_rtlsim_pmemcpy_d2h",
        "ventus_rtlsim_get_time",
        "celviz_gpgpu_device_tier_get_default",
        "celviz_gpgpu_runtime_proxy_attach",
        "celviz_gpgpu_runtime_proxy_detach",
        "celviz_gpgpu_runtime_proxy_submit_copy_h2d",
        "celviz_gpgpu_runtime_proxy_submit_copy_d2h",
        "celviz_gpgpu_runtime_proxy_submit_fill",
        "celviz_gpgpu_runtime_proxy_get_device",
        "celviz_gpgpu_runtime_proxy_get_queue_count",
        "celviz_gpgpu_runtime_proxy_get_queue_snapshot",
        "celviz_gpgpu_runtime_proxy_get_pending_count",
        "celviz_gpgpu_runtime_proxy_get_metrics",
        "celviz_gpgpu_runtime_proxy_reset_metrics",
        "celviz_gpgpu_runtime_proxy_signal_named_fence",
        "celviz_gpgpu_runtime_proxy_wait_named_fence"
      ],
      "required_count": 22
    },
    "artifact_manifest": {
      "run_log": "/private/tmp/ventus-gpgpu-celviz-coverage-run/runtime_cli.log",
      "runtime_metrics": "/private/tmp/ventus-gpgpu-celviz-coverage-run/runtime_outputs/runtime_metrics.json",
      "runtime_status": "/private/tmp/ventus-gpgpu-celviz-coverage-run/runtime_outputs/runtime_status.json"
    },
    "axi_apb_traffic": {
      "apb_reads": 19,
      "apb_traffic_observed": true,
      "apb_writes": 38,
      "axi_read_beats": 46,
      "axi_read_transactions": 5,
      "axi_traffic_observed": true,
      "axi_write_beats": 142,
      "axi_write_transactions": 16,
      "bytes_moved": 3008,
      "bytes_read": 736,
      "bytes_written": 2272
    },
    "command_count": 19,
    "command_submission": {
      "apb_doorbell_writes": 38,
      "command_count": 19,
      "completed": 19,
      "failed": 3,
      "observed": true,
      "sequences": [
        1,
        2,
        3,
        4,
        5,
        6,
        7,
        8,
        9,
        10,
        11,
        12,
        13,
        14,
        15,
        16,
        17,
        18,
        19
      ],
      "submission_errors": 1,
      "submitted": 19
    },
    "dma_bounds_alignment": {
      "alignment_bytes": 4,
      "alignment_checked": true,
      "alignment_errors": 0,
      "bounds_checked": true,
      "bounds_errors": 1,
      "dma_sequences": [
        2,
        3,
        8,
        9,
        10,
        14,
        18
      ],
      "error_sequences": [
        18
      ],
      "observed": true
    },
    "interrupt_counters_clear": {
      "clear_observed": true,
      "clear_sequences": [
        1,
        2,
        3,
        4,
        6,
        7,
        8,
        9,
        10,
        11,
        14,
        15,
        16,
        17,
        18,
        19
      ],
      "completion_interrupts": 13,
      "error_interrupts": 3,
      "events": [
        {
          "kind": "completion",
          "message": "reset cleared queues, sticky status, fences, and live interrupt state while preserving audit records",
          "queue_id": 0,
          "sequence": 1
        },
        {
          "kind": "clear",
          "message": "interrupt status acknowledged after completion record",
          "queue_id": 0,
          "sequence": 1
        },
        {
          "kind": "completion",
          "message": "dma_fill wrote 256 bytes",
          "queue_id": 0,
          "sequence": 2
        },
        {
          "kind": "clear",
          "message": "interrupt status acknowledged after completion record",
          "queue_id": 0,
          "sequence": 2
        },
        {
          "kind": "completion",
          "message": "dma_copy moved 256 bytes",
          "queue_id": 0,
          "sequence": 3
        },
        {
          "kind": "clear",
          "message": "interrupt status acknowledged after completion record",
          "queue_id": 0,
          "sequence": 3
        },
        {
          "kind": "completion",
          "message": "fence_signal copy_ready=1",
          "queue_id": 0,
          "sequence": 4
        },
        {
          "kind": "clear",
          "message": "interrupt status acknowledged after completion record",
          "queue_id": 0,
          "sequence": 4
        },
        {
          "kind": "completion",
          "message": "kernel_dispatch vector_add retired 4 workgroups",
          "queue_id": 1,
          "sequence": 6
        },
        {
          "kind": "clear",
          "message": "interrupt status acknowledged after completion record",
          "queue_id": 1,
          "sequence": 6
        },
        {
          "kind": "completion",
          "message": "kernel_dispatch image_filter retired 64 workgroups",
          "queue_id": 1,
          "sequence": 7
        },
        {
          "kind": "clear",
          "message": "interrupt status acknowledged after completion record",
          "queue_id": 1,
          "sequence": 7
        },
        {
          "kind": "completion",
          "message": "host_to_device staged 128 bytes",
          "queue_id": 0,
          "sequence": 8
        },
        {
          "kind": "clear",
          "message": "interrupt status acknowledged after completion record",
          "queue_id": 0,
          "sequence": 8
        },
        {
          "kind": "completion",
          "message": "dma_fill wrote 128 bytes",
          "queue_id": 2,
          "sequence": 9
        },
        {
          "kind": "clear",
          "message": "interrupt status acknowledged after completion record",
          "queue_id": 2,
          "sequence": 9
        },
        {
          "kind": "completion",
          "message": "dma_copy moved 128 bytes",
          "queue_id": 2,
          "sequence": 10
        },
        {
          "kind": "clear",
          "message": "interrupt status acknowledged after completion record",
          "queue_id": 2,
          "sequence": 10
        },
        {
          "kind": "completion",
          "message": "fence_signal staging_copy_ready=2",
          "queue_id": 2,
          "sequence": 11
        },
        {
          "kind": "clear",
          "message": "interrupt status acknowledged after completion record",
          "queue_id": 2,
          "sequence": 11
        },
        {
          "kind": "completion",
          "message": "device_to_host read 128 bytes",
          "queue_id": 1,
          "sequence": 14
        },
        {
          "kind": "clear",
          "message": "interrupt status acknowledged after completion record",
          "queue_id": 1,
          "sequence": 14
        },
        {
          "kind": "completion",
          "message": "scheduler config updated",
          "queue_id": 1,
          "sequence": 15
        },
        {
          "kind": "clear",
          "message": "interrupt status acknowledged after completion record",
          "queue_id": 1,
          "sequence": 15
        },
        {
          "kind": "completion",
          "message": "shader mode set to mixed",
          "queue_id": 1,
          "sequence": 16
        },
        {
          "kind": "clear",
          "message": "interrupt status acknowledged after completion record",
          "queue_id": 1,
          "sequence": 16
        },
        {
          "kind": "error",
          "message": "injected scheduler dispatch error",
          "queue_id": 1,
          "sequence": 17
        },
        {
          "kind": "clear",
          "message": "interrupt status acknowledged after completion record",
          "queue_id": 1,
          "sequence": 17
        },
        {
          "kind": "error",
          "message": "dma_copy source or destination failed range check",
          "queue_id": 0,
          "sequence": 18
        },
        {
          "kind": "clear",
          "message": "interrupt status acknowledged after completion record",
          "queue_id": 0,
          "sequence": 18
        },
        {
          "kind": "error",
          "message": "fence_wait timed out after 8 cycles waiting for never_signaled>=1",
          "queue_id": 0,
          "sequence": 19
        },
        {
          "kind": "clear",
          "message": "interrupt status acknowledged after completion record",
          "queue_id": 0,
          "sequence": 19
        }
      ],
      "interrupt_clears": 16
    },
    "invalid_descriptor": {
      "errors": [
        "ERR_FENCE_WAIT",
        "ERR_MMU_FAULT",
        "ERR_SCHEDULER_FAULT"
      ],
      "invalid_descriptor_counter": 0,
      "observed": true,
      "rejected_count": 3,
      "sequences": [
        17,
        18,
        19
      ],
      "submission_error_counter": 1
    },
    "last_event": {
      "event": {
        "abi_version": 1,
        "command": {
          "abi_version": 1,
          "context_id": 0,
          "end_time": 60,
          "error": "ERR_FENCE_WAIT",
          "error_value": 256,
          "flags": 0,
          "opcode": "nop",
          "opcode_value": 0,
          "queue_id": 0,
          "sequence": 0,
          "start_time": 0,
          "status": "timeout",
          "status_value": 7,
          "submit_tag": 0,
          "submit_time": 0
        },
        "event_flags": 16,
        "fault_access": 0,
        "fault_address": "0x0",
        "shader_context": 0
      },
      "source": "ctypes_runtime_proxy"
    },
    "metrics": {
      "control_plane_counters": {
        "apb_reads": 19,
        "apb_writes": 38,
        "axi_read_beats": 46,
        "axi_read_transactions": 5,
        "axi_write_beats": 142,
        "axi_write_transactions": 16,
        "bytes_moved": 3008,
        "bytes_read": 736,
        "bytes_written": 2272,
        "command_submission_errors": 1,
        "commands_completed": 19,
        "commands_failed": 3,
        "commands_submitted": 19,
        "completion_interrupts": 13,
        "dma_alignment_errors": 0,
        "dma_bounds_errors": 1,
        "dma_copies": 2,
        "dma_fills": 2,
        "error_interrupts": 3,
        "fence_signals": 2,
        "fence_waits": 3,
        "interrupt_clears": 16,
        "invalid_descriptors": 0,
        "kernel_dispatches": 2,
        "mmu_faults": 1,
        "queue_errors": 3,
        "reset_recoveries": 1,
        "resets": 1,
        "scheduler_faults": 1
      },
      "native_runtime_metrics": {
        "axi_read_beats": 0,
        "axi_read_transactions": 0,
        "axi_write_beats": 0,
        "axi_write_transactions": 0,
        "bytes_moved": 1408,
        "bytes_read": 512,
        "bytes_written": 896,
        "commands_completed": 8,
        "commands_failed": 1,
        "commands_submitted": 9,
        "completion_interrupts": 8,
        "dma_copies": 7,
        "dma_fills": 2,
        "error_interrupts": 2,
        "fence_signals": 2,
        "fence_waits": 3,
        "kernel_dispatches": 0,
        "mmu_faults": 1,
        "queue_errors": 1,
        "resets": 1,
        "rtlsim_time": 60,
        "scheduler_faults": 0
      }
    },
    "native_command_results": [
      {
        "called": "celviz_gpgpu_runtime_proxy_reset_metrics",
        "last_event_after": {
          "abi_version": 1,
          "command": {
            "abi_version": 1,
            "context_id": 0,
            "end_time": 20,
            "error": "OK",
            "error_value": 0,
            "flags": 0,
            "opcode": "nop",
            "opcode_value": 0,
            "queue_id": 0,
            "sequence": 0,
            "start_time": 0,
            "status": "complete",
            "status_value": 4,
            "submit_tag": 0,
            "submit_time": 20
          },
          "event_flags": 1,
          "fault_access": 0,
          "fault_address": "0x0",
          "shader_context": 0
        },
        "last_event_after_ok": true,
        "ok": true,
        "opcode": "reset",
        "pending_count_after": 0,
        "queue_id": 0,
        "queue_pending_count_after": 0,
        "queue_reset": {
          "called": "celviz_gpgpu_runtime_proxy_reset_queue",
          "error_value": 0,
          "event": {
            "abi_version": 1,
            "command": {
              "abi_version": 1,
              "context_id": 0,
              "end_time": 20,
              "error": "OK",
              "error_value": 0,
              "flags": 0,
              "opcode": "nop",
              "opcode_value": 0,
              "queue_id": 0,
              "sequence": 0,
              "start_time": 0,
              "status": "complete",
              "status_value": 4,
              "submit_tag": 0,
              "submit_time": 20
            },
            "event_flags": 1,
            "fault_access": 0,
            "fault_address": "0x0",
            "shader_context": 0
          },
          "ok": true
        },
        "queue_snapshot_after": {
          "context_id": 0,
          "doorbell": 0,
          "errors": 0,
          "flags": 259,
          "head": 0,
          "lifecycle": "idle",
          "pending_count": 0,
          "priority": 2,
          "queue_id": 0,
          "retired": 0,
          "ring_base": "0x10000000",
          "ring_size_bytes": 4096,
          "submitted": 0,
          "tail": 0
        },
        "queue_snapshot_after_ok": true,
        "sequence": 1
      },
      {
        "bytes": 256,
        "called": "celviz_gpgpu_runtime_proxy_submit_fill",
        "data_sha256": "d4004824dd28fe90e20d9cb2ab0c262a024d15bc4395720d85ef1f048142b7de",
        "dst_addr": "0x80000000",
        "error_value": 0,
        "last_event_after": {
          "abi_version": 1,
          "command": {
            "abi_version": 1,
            "context_id": 0,
            "end_time": 20,
            "error": "OK",
            "error_value": 0,
            "flags": 0,
            "opcode": "dma_fill",
            "opcode_value": 3,
            "queue_id": 0,
            "sequence": 1,
            "start_time": 20,
            "status": "complete",
            "status_value": 4,
            "submit_tag": 1,
            "submit_time": 20
          },
          "event_flags": 1,
          "fault_access": 0,
          "fault_address": "0x0",
          "shader_context": 0
        },
        "last_event_after_ok": true,
        "ok": true,
        "opcode": "dma_fill",
        "pattern_u32": "0x3c003f80",
        "pending_count_after": 0,
        "polled_status": {
          "abi_version": 1,
          "context_id": 0,
          "end_time": 20,
          "error": "OK",
          "error_value": 0,
          "flags": 0,
          "opcode": "dma_fill",
          "opcode_value": 3,
          "queue_id": 0,
          "sequence": 1,
          "start_time": 20,
          "status": "complete",
          "status_value": 4,
          "submit_tag": 1,
          "submit_time": 20
        },
        "polled_status_ok": true,
        "queue_id": 0,
        "queue_pending_count_after": 0,
        "queue_snapshot_after": {
          "context_id": 0,
          "doorbell": 1,
          "errors": 0,
          "flags": 259,
          "head": 1,
          "lifecycle": "idle",
          "pending_count": 0,
          "priority": 2,
          "queue_id": 0,
          "retired": 1,
          "ring_base": "0x10000000",
          "ring_size_bytes": 4096,
          "submitted": 1,
          "tail": 1
        },
        "queue_snapshot_after_ok": true,
        "sequence": 2,
        "status": {
          "abi_version": 1,
          "context_id": 0,
          "end_time": 20,
          "error": "OK",
          "error_value": 0,
          "flags": 0,
          "opcode": "dma_fill",
          "opcode_value": 3,
          "queue_id": 0,
          "sequence": 1,
          "start_time": 20,
          "status": "complete",
          "status_value": 4,
          "submit_tag": 1,
          "submit_time": 20
        }
      },
      {
        "bytes": 256,
        "called": "celviz_gpgpu_runtime_proxy_submit_copy_d2h+submit_copy_h2d",
        "dst_addr": "0x80001000",
        "last_event_after": {
          "abi_version": 1,
          "command": {
            "abi_version": 1,
            "context_id": 0,
            "end_time": 20,
            "error": "OK",
            "error_value": 0,
            "flags": 0,
            "opcode": "dma_copy",
            "opcode_value": 2,
            "queue_id": 0,
            "sequence": 3,
            "start_time": 20,
            "status": "complete",
            "status_value": 4,
            "submit_tag": 3,
            "submit_time": 20
          },
          "event_flags": 1,
          "fault_access": 0,
          "fault_address": "0x0",
          "shader_context": 0
        },
        "last_event_after_ok": true,
        "ok": true,
        "opcode": "dma_copy",
        "pending_count_after": 0,
        "queue_id": 0,
        "queue_pending_count_after": 0,
        "queue_snapshot_after": {
          "context_id": 0,
          "doorbell": 3,
          "errors": 0,
          "flags": 259,
          "head": 3,
          "lifecycle": "idle",
          "pending_count": 0,
          "priority": 2,
          "queue_id": 0,
          "retired": 3,
          "ring_base": "0x10000000",
          "ring_size_bytes": 4096,
          "submitted": 3,
          "tail": 3
        },
        "queue_snapshot_after_ok": true,
        "read_error_value": 0,
        "read_polled_status": {
          "abi_version": 1,
          "context_id": 0,
          "end_time": 20,
          "error": "OK",
          "error_value": 0,
          "flags": 0,
          "opcode": "dma_copy",
          "opcode_value": 2,
          "queue_id": 0,
          "sequence": 2,
          "start_time": 20,
          "status": "complete",
          "status_value": 4,
          "submit_tag": 2,
          "submit_time": 20
        },
        "read_polled_status_ok": true,
        "read_status": {
          "abi_version": 1,
          "context_id": 0,
          "end_time": 20,
          "error": "OK",
          "error_value": 0,
          "flags": 0,
          "opcode": "dma_copy",
          "opcode_value": 2,
          "queue_id": 0,
          "sequence": 2,
          "start_time": 20,
          "status": "complete",
          "status_value": 4,
          "submit_tag": 2,
          "submit_time": 20
        },
        "sequence": 3,
        "src_addr": "0x80000000",
        "write_error_value": 0,
        "write_polled_status": {
          "abi_version": 1,
          "context_id": 0,
          "end_time": 20,
          "error": "OK",
          "error_value": 0,
          "flags": 0,
          "opcode": "dma_copy",
          "opcode_value": 2,
          "queue_id": 0,
          "sequence": 3,
          "start_time": 20,
          "status": "complete",
          "status_value": 4,
          "submit_tag": 3,
          "submit_time": 20
        },
        "write_polled_status_ok": true,
        "write_status": {
          "abi_version": 1,
          "context_id": 0,
          "end_time": 20,
          "error": "OK",
          "error_value": 0,
          "flags": 0,
          "opcode": "dma_copy",
          "opcode_value": 2,
          "queue_id": 0,
          "sequence": 3,
          "start_time": 20,
          "status": "complete",
          "status_value": 4,
          "submit_tag": 3,
          "submit_time": 20
        }
      },
      {
        "called": "celviz_gpgpu_runtime_proxy_signal_named_fence",
        "error_value": 0,
        "event": {
          "abi_version": 1,
          "command": {
            "abi_version": 1,
            "context_id": 0,
            "end_time": 20,
            "error": "OK",
            "error_value": 0,
            "flags": 0,
            "opcode": "nop",
            "opcode_value": 0,
            "queue_id": 0,
            "sequence": 0,
            "start_time": 0,
            "status": "complete",
            "status_value": 4,
            "submit_tag": 0,
            "submit_time": 0
          },
          "event_flags": 1,
          "fault_access": 0,
          "fault_address": "0x0",
          "shader_context": 0
        },
        "fence": "copy_ready",
        "last_event_after": {
          "abi_version": 1,
          "command": {
            "abi_version": 1,
            "context_id": 0,
            "end_time": 20,
            "error": "OK",
            "error_value": 0,
            "flags": 0,
            "opcode": "nop",
            "opcode_value": 0,
            "queue_id": 0,
            "sequence": 0,
            "start_time": 0,
            "status": "complete",
            "status_value": 4,
            "submit_tag": 0,
            "submit_time": 0
          },
          "event_flags": 1,
          "fault_access": 0,
          "fault_address": "0x0",
          "shader_context": 0
        },
        "last_event_after_ok": true,
        "ok": true,
        "opcode": "fence_signal",
        "pending_count_after": 0,
        "queue_id": 0,
        "queue_pending_count_after": 0,
        "queue_snapshot_after": {
          "context_id": 0,
          "doorbell": 3,
          "errors": 0,
          "flags": 259,
          "head": 3,
          "lifecycle": "idle",
          "pending_count": 0,
          "priority": 2,
          "queue_id": 0,
          "retired": 3,
          "ring_base": "0x10000000",
          "ring_size_bytes": 4096,
          "submitted": 3,
          "tail": 3
        },
        "queue_snapshot_after_ok": true,
        "sequence": 4,
        "value": 1
      },
      {
        "called": "celviz_gpgpu_runtime_proxy_wait_named_fence",
        "error_value": 0,
        "event": {
          "abi_version": 1,
          "command": {
            "abi_version": 1,
            "context_id": 0,
            "end_time": 20,
            "error": "OK",
            "error_value": 0,
            "flags": 0,
            "opcode": "nop",
            "opcode_value": 0,
            "queue_id": 0,
            "sequence": 0,
            "start_time": 0,
            "status": "complete",
            "status_value": 4,
            "submit_tag": 0,
            "submit_time": 0
          },
          "event_flags": 1,
          "fault_access": 0,
          "fault_address": "0x0",
          "shader_context": 0
        },
        "event_flags": 1,
        "event_status": {
          "abi_version": 1,
          "context_id": 0,
          "end_time": 20,
          "error": "OK",
          "error_value": 0,
          "flags": 0,
          "opcode": "nop",
          "opcode_value": 0,
          "queue_id": 0,
          "sequence": 0,
          "start_time": 0,
          "status": "complete",
          "status_value": 4,
          "submit_tag": 0,
          "submit_time": 0
        },
        "fence": "copy_ready",
        "last_event_after": {
          "abi_version": 1,
          "command": {
            "abi_version": 1,
            "context_id": 0,
            "end_time": 20,
            "error": "OK",
            "error_value": 0,
            "flags": 0,
            "opcode": "nop",
            "opcode_value": 0,
            "queue_id": 0,
            "sequence": 0,
            "start_time": 0,
            "status": "complete",
            "status_value": 4,
            "submit_tag": 0,
            "submit_time": 0
          },
          "event_flags": 1,
          "fault_access": 0,
          "fault_address": "0x0",
          "shader_context": 0
        },
        "last_event_after_ok": true,
        "ok": true,
        "opcode": "fence_wait",
        "pending_count_after": 0,
        "queue_id": 1,
        "queue_pending_count_after": 0,
        "queue_snapshot_after": {
          "context_id": 0,
          "doorbell": 0,
          "errors": 0,
          "flags": 259,
          "head": 0,
          "lifecycle": "idle",
          "pending_count": 0,
          "priority": 1,
          "queue_id": 1,
          "retired": 0,
          "ring_base": "0x10001000",
          "ring_size_bytes": 4096,
          "submitted": 0,
          "tail": 0
        },
        "queue_snapshot_after_ok": true,
        "sequence": 5,
        "timeout_cycles": 1024,
        "value": 1
      },
      {
        "called": "celviz_gpgpu_runtime_proxy_submit_kernel",
        "last_event_after": {
          "abi_version": 1,
          "command": {
            "abi_version": 1,
            "context_id": 0,
            "end_time": 20,
            "error": "OK",
            "error_value": 0,
            "flags": 0,
            "opcode": "nop",
            "opcode_value": 0,
            "queue_id": 0,
            "sequence": 0,
            "start_time": 0,
            "status": "complete",
            "status_value": 4,
            "submit_tag": 0,
            "submit_time": 0
          },
          "event_flags": 1,
          "fault_access": 0,
          "fault_address": "0x0",
          "shader_context": 0
        },
        "last_event_after_ok": true,
        "ok": false,
        "opcode": "kernel_dispatch",
        "pending_count_after": 0,
        "queue_id": 1,
        "queue_pending_count_after": 0,
        "queue_snapshot_after": {
          "context_id": 0,
          "doorbell": 0,
          "errors": 0,
          "flags": 259,
          "head": 0,
          "lifecycle": "idle",
          "pending_count": 0,
          "priority": 1,
          "queue_id": 1,
          "retired": 0,
          "ring_base": "0x10001000",
          "ring_size_bytes": 4096,
          "submitted": 0,
          "tail": 0
        },
        "queue_snapshot_after_ok": true,
        "sequence": 6,
        "skipped": "no executable Ventus metadata supplied for native RTL dispatch"
      },
      {
        "called": "celviz_gpgpu_runtime_proxy_submit_kernel",
        "last_event_after": {
          "abi_version": 1,
          "command": {
            "abi_version": 1,
            "context_id": 0,
            "end_time": 20,
            "error": "OK",
            "error_value": 0,
            "flags": 0,
            "opcode": "nop",
            "opcode_value": 0,
            "queue_id": 0,
            "sequence": 0,
            "start_time": 0,
            "status": "complete",
            "status_value": 4,
            "submit_tag": 0,
            "submit_time": 0
          },
          "event_flags": 1,
          "fault_access": 0,
          "fault_address": "0x0",
          "shader_context": 0
        },
        "last_event_after_ok": true,
        "ok": false,
        "opcode": "kernel_dispatch",
        "pending_count_after": 0,
        "queue_id": 1,
        "queue_pending_count_after": 0,
        "queue_snapshot_after": {
          "context_id": 0,
          "doorbell": 0,
          "errors": 0,
          "flags": 259,
          "head": 0,
          "lifecycle": "idle",
          "pending_count": 0,
          "priority": 1,
          "queue_id": 1,
          "retired": 0,
          "ring_base": "0x10001000",
          "ring_size_bytes": 4096,
          "submitted": 0,
          "tail": 0
        },
        "queue_snapshot_after_ok": true,
        "sequence": 7,
        "skipped": "no executable Ventus metadata supplied for native RTL dispatch"
      },
      {
        "bytes": 128,
        "called": "celviz_gpgpu_runtime_proxy_submit_copy_h2d",
        "data_sha256": "349d65e9ba1de7b0a13f9a3eadcc5b0202f15d6008fe9477f2a7b80f6194b20f",
        "dst_addr": "0x80004000",
        "error_value": 0,
        "last_event_after": {
          "abi_version": 1,
          "command": {
            "abi_version": 1,
            "context_id": 0,
            "end_time": 20,
            "error": "OK",
            "error_value": 0,
            "flags": 0,
            "opcode": "dma_copy",
            "opcode_value": 2,
            "queue_id": 0,
            "sequence": 4,
            "start_time": 20,
            "status": "complete",
            "status_value": 4,
            "submit_tag": 4,
            "submit_time": 20
          },
          "event_flags": 1,
          "fault_access": 0,
          "fault_address": "0x0",
          "shader_context": 0
        },
        "last_event_after_ok": true,
        "ok": true,
        "opcode": "host_to_device",
        "pending_count_after": 0,
        "polled_status": {
          "abi_version": 1,
          "context_id": 0,
          "end_time": 20,
          "error": "OK",
          "error_value": 0,
          "flags": 0,
          "opcode": "dma_copy",
          "opcode_value": 2,
          "queue_id": 0,
          "sequence": 4,
          "start_time": 20,
          "status": "complete",
          "status_value": 4,
          "submit_tag": 4,
          "submit_time": 20
        },
        "polled_status_ok": true,
        "queue_id": 0,
        "queue_pending_count_after": 0,
        "queue_snapshot_after": {
          "context_id": 0,
          "doorbell": 4,
          "errors": 0,
          "flags": 259,
          "head": 4,
          "lifecycle": "idle",
          "pending_count": 0,
          "priority": 2,
          "queue_id": 0,
          "retired": 4,
          "ring_base": "0x10000000",
          "ring_size_bytes": 4096,
          "submitted": 4,
          "tail": 4
        },
        "queue_snapshot_after_ok": true,
        "sequence": 8,
        "status": {
          "abi_version": 1,
          "context_id": 0,
          "end_time": 20,
          "error": "OK",
          "error_value": 0,
          "flags": 0,
          "opcode": "dma_copy",
          "opcode_value": 2,
          "queue_id": 0,
          "sequence": 4,
          "start_time": 20,
          "status": "complete",
          "status_value": 4,
          "submit_tag": 4,
          "submit_time": 20
        }
      },
      {
        "bytes": 128,
        "called": "celviz_gpgpu_runtime_proxy_submit_fill",
        "data_sha256": "4ca42b66467a106e71b9486bb98e9ef2ea9cc5fed7230a98f4062e56b167f009",
        "dst_addr": "0x80005000",
        "error_value": 0,
        "last_event_after": {
          "abi_version": 1,
          "command": {
            "abi_version": 1,
            "context_id": 0,
            "end_time": 20,
            "error": "OK",
            "error_value": 0,
            "flags": 0,
            "opcode": "dma_fill",
            "opcode_value": 3,
            "queue_id": 2,
            "sequence": 5,
            "start_time": 20,
            "status": "complete",
            "status_value": 4,
            "submit_tag": 5,
            "submit_time": 20
          },
          "event_flags": 1,
          "fault_access": 0,
          "fault_address": "0x0",
          "shader_context": 0
        },
        "last_event_after_ok": true,
        "ok": true,
        "opcode": "dma_fill",
        "pattern_u32": "0xa5a55a5a",
        "pending_count_after": 0,
        "polled_status": {
          "abi_version": 1,
          "context_id": 0,
          "end_time": 20,
          "error": "OK",
          "error_value": 0,
          "flags": 0,
          "opcode": "dma_fill",
          "opcode_value": 3,
          "queue_id": 2,
          "sequence": 5,
          "start_time": 20,
          "status": "complete",
          "status_value": 4,
          "submit_tag": 5,
          "submit_time": 20
        },
        "polled_status_ok": true,
        "queue_id": 2,
        "queue_pending_count_after": 0,
        "queue_snapshot_after": {
          "context_id": 0,
          "doorbell": 1,
          "errors": 0,
          "flags": 259,
          "head": 1,
          "lifecycle": "idle",
          "pending_count": 0,
          "priority": 0,
          "queue_id": 2,
          "retired": 1,
          "ring_base": "0x10002000",
          "ring_size_bytes": 4096,
          "submitted": 1,
          "tail": 1
        },
        "queue_snapshot_after_ok": true,
        "sequence": 9,
        "status": {
          "abi_version": 1,
          "context_id": 0,
          "end_time": 20,
          "error": "OK",
          "error_value": 0,
          "flags": 0,
          "opcode": "dma_fill",
          "opcode_value": 3,
          "queue_id": 2,
          "sequence": 5,
          "start_time": 20,
          "status": "complete",
          "status_value": 4,
          "submit_tag": 5,
          "submit_time": 20
        }
      },
      {
        "bytes": 128,
        "called": "celviz_gpgpu_runtime_proxy_submit_copy_d2h+submit_copy_h2d",
        "dst_addr": "0x80005100",
        "last_event_after": {
          "abi_version": 1,
          "command": {
            "abi_version": 1,
            "context_id": 0,
            "end_time": 20,
            "error": "OK",
            "error_value": 0,
            "flags": 0,
            "opcode": "dma_copy",
            "opcode_value": 2,
            "queue_id": 2,
            "sequence": 7,
            "start_time": 20,
            "status": "complete",
            "status_value": 4,
            "submit_tag": 7,
            "submit_time": 20
          },
          "event_flags": 1,
          "fault_access": 0,
          "fault_address": "0x0",
          "shader_context": 0
        },
        "last_event_after_ok": true,
        "ok": true,
        "opcode": "dma_copy",
        "pending_count_after": 0,
        "queue_id": 2,
        "queue_pending_count_after": 0,
        "queue_snapshot_after": {
          "context_id": 0,
          "doorbell": 3,
          "errors": 0,
          "flags": 259,
          "head": 3,
          "lifecycle": "idle",
          "pending_count": 0,
          "priority": 0,
          "queue_id": 2,
          "retired": 3,
          "ring_base": "0x10002000",
          "ring_size_bytes": 4096,
          "submitted": 3,
          "tail": 3
        },
        "queue_snapshot_after_ok": true,
        "read_error_value": 0,
        "read_polled_status": {
          "abi_version": 1,
          "context_id": 0,
          "end_time": 20,
          "error": "OK",
          "error_value": 0,
          "flags": 0,
          "opcode": "dma_copy",
          "opcode_value": 2,
          "queue_id": 2,
          "sequence": 6,
          "start_time": 20,
          "status": "complete",
          "status_value": 4,
          "submit_tag": 6,
          "submit_time": 20
        },
        "read_polled_status_ok": true,
        "read_status": {
          "abi_version": 1,
          "context_id": 0,
          "end_time": 20,
          "error": "OK",
          "error_value": 0,
          "flags": 0,
          "opcode": "dma_copy",
          "opcode_value": 2,
          "queue_id": 2,
          "sequence": 6,
          "start_time": 20,
          "status": "complete",
          "status_value": 4,
          "submit_tag": 6,
          "submit_time": 20
        },
        "sequence": 10,
        "src_addr": "0x80004000",
        "write_error_value": 0,
        "write_polled_status": {
          "abi_version": 1,
          "context_id": 0,
          "end_time": 20,
          "error": "OK",
          "error_value": 0,
          "flags": 0,
          "opcode": "dma_copy",
          "opcode_value": 2,
          "queue_id": 2,
          "sequence": 7,
          "start_time": 20,
          "status": "complete",
          "status_value": 4,
          "submit_tag": 7,
          "submit_time": 20
        },
        "write_polled_status_ok": true,
        "write_status": {
          "abi_version": 1,
          "context_id": 0,
          "end_time": 20,
          "error": "OK",
          "error_value": 0,
          "flags": 0,
          "opcode": "dma_copy",
          "opcode_value": 2,
          "queue_id": 2,
          "sequence": 7,
          "start_time": 20,
          "status": "complete",
          "status_value": 4,
          "submit_tag": 7,
          "submit_time": 20
        }
      },
      {
        "called": "celviz_gpgpu_runtime_proxy_signal_named_fence",
        "error_value": 0,
        "event": {
          "abi_version": 1,
          "command": {
            "abi_version": 1,
            "context_id": 0,
            "end_time": 20,
            "error": "OK",
            "error_value": 0,
            "flags": 0,
            "opcode": "nop",
            "opcode_value": 0,
            "queue_id": 0,
            "sequence": 0,
            "start_time": 0,
            "status": "complete",
            "status_value": 4,
            "submit_tag": 0,
            "submit_time": 0
          },
          "event_flags": 1,
          "fault_access": 0,
          "fault_address": "0x0",
          "shader_context": 0
        },
        "fence": "staging_copy_ready",
        "last_event_after": {
          "abi_version": 1,
          "command": {
            "abi_version": 1,
            "context_id": 0,
            "end_time": 20,
            "error": "OK",
            "error_value": 0,
            "flags": 0,
            "opcode": "nop",
            "opcode_value": 0,
            "queue_id": 0,
            "sequence": 0,
            "start_time": 0,
            "status": "complete",
            "status_value": 4,
            "submit_tag": 0,
            "submit_time": 0
          },
          "event_flags": 1,
          "fault_access": 0,
          "fault_address": "0x0",
          "shader_context": 0
        },
        "last_event_after_ok": true,
        "ok": true,
        "opcode": "fence_signal",
        "pending_count_after": 0,
        "queue_id": 2,
        "queue_pending_count_after": 0,
        "queue_snapshot_after": {
          "context_id": 0,
          "doorbell": 3,
          "errors": 0,
          "flags": 259,
          "head": 3,
          "lifecycle": "idle",
          "pending_count": 0,
          "priority": 0,
          "queue_id": 2,
          "retired": 3,
          "ring_base": "0x10002000",
          "ring_size_bytes": 4096,
          "submitted": 3,
          "tail": 3
        },
        "queue_snapshot_after_ok": true,
        "sequence": 11,
        "value": 2
      },
      {
        "called": "celviz_gpgpu_runtime_proxy_wait_named_fence",
        "error_value": 0,
        "event": {
          "abi_version": 1,
          "command": {
            "abi_version": 1,
            "context_id": 0,
            "end_time": 20,
            "error": "OK",
            "error_value": 0,
            "flags": 0,
            "opcode": "nop",
            "opcode_value": 0,
            "queue_id": 0,
            "sequence": 0,
            "start_time": 0,
            "status": "complete",
            "status_value": 4,
            "submit_tag": 0,
            "submit_time": 0
          },
          "event_flags": 1,
          "fault_access": 0,
          "fault_address": "0x0",
          "shader_context": 0
        },
        "event_flags": 1,
        "event_status": {
          "abi_version": 1,
          "context_id": 0,
          "end_time": 20,
          "error": "OK",
          "error_value": 0,
          "flags": 0,
          "opcode": "nop",
          "opcode_value": 0,
          "queue_id": 0,
          "sequence": 0,
          "start_time": 0,
          "status": "complete",
          "status_value": 4,
          "submit_tag": 0,
          "submit_time": 0
        },
        "fence": "staging_copy_ready",
        "last_event_after": {
          "abi_version": 1,
          "command": {
            "abi_version": 1,
            "context_id": 0,
            "end_time": 20,
            "error": "OK",
            "error_value": 0,
            "flags": 0,
            "opcode": "nop",
            "opcode_value": 0,
            "queue_id": 0,
            "sequence": 0,
            "start_time": 0,
            "status": "complete",
            "status_value": 4,
            "submit_tag": 0,
            "submit_time": 0
          },
          "event_flags": 1,
          "fault_access": 0,
          "fault_address": "0x0",
          "shader_context": 0
        },
        "last_event_after_ok": true,
        "ok": true,
        "opcode": "fence_wait",
        "pending_count_after": 0,
        "queue_id": 1,
        "queue_pending_count_after": 0,
        "queue_snapshot_after": {
          "context_id": 0,
          "doorbell": 0,
          "errors": 0,
          "flags": 259,
          "head": 0,
          "lifecycle": "idle",
          "pending_count": 0,
          "priority": 1,
          "queue_id": 1,
          "retired": 0,
          "ring_base": "0x10001000",
          "ring_size_bytes": 4096,
          "submitted": 0,
          "tail": 0
        },
        "queue_snapshot_after_ok": true,
        "sequence": 12,
        "timeout_cycles": 2048,
        "value": 2
      },
      {
        "bytes": 128,
        "called": "celviz_gpgpu_runtime_proxy_submit_copy_d2h",
        "data_sha256": "349d65e9ba1de7b0a13f9a3eadcc5b0202f15d6008fe9477f2a7b80f6194b20f",
        "error_value": 0,
        "last_event_after": {
          "abi_version": 1,
          "command": {
            "abi_version": 1,
            "context_id": 0,
            "end_time": 20,
            "error": "OK",
            "error_value": 0,
            "flags": 0,
            "opcode": "dma_copy",
            "opcode_value": 2,
            "queue_id": 1,
            "sequence": 8,
            "start_time": 20,
            "status": "complete",
            "status_value": 4,
            "submit_tag": 8,
            "submit_time": 20
          },
          "event_flags": 1,
          "fault_access": 0,
          "fault_address": "0x0",
          "shader_context": 0
        },
        "last_event_after_ok": true,
        "ok": true,
        "opcode": "device_to_host",
        "pending_count_after": 0,
        "polled_status": {
          "abi_version": 1,
          "context_id": 0,
          "end_time": 20,
          "error": "OK",
          "error_value": 0,
          "flags": 0,
          "opcode": "dma_copy",
          "opcode_value": 2,
          "queue_id": 1,
          "sequence": 8,
          "start_time": 20,
          "status": "complete",
          "status_value": 4,
          "submit_tag": 8,
          "submit_time": 20
        },
        "polled_status_ok": true,
        "queue_id": 1,
        "queue_pending_count_after": 0,
        "queue_snapshot_after": {
          "context_id": 0,
          "doorbell": 1,
          "errors": 0,
          "flags": 259,
          "head": 1,
          "lifecycle": "idle",
          "pending_count": 0,
          "priority": 1,
          "queue_id": 1,
          "retired": 1,
          "ring_base": "0x10001000",
          "ring_size_bytes": 4096,
          "submitted": 1,
          "tail": 1
        },
        "queue_snapshot_after_ok": true,
        "sequence": 14,
        "src_addr": "0x80005100",
        "status": {
          "abi_version": 1,
          "context_id": 0,
          "end_time": 20,
          "error": "OK",
          "error_value": 0,
          "flags": 0,
          "opcode": "dma_copy",
          "opcode_value": 2,
          "queue_id": 1,
          "sequence": 8,
          "start_time": 20,
          "status": "complete",
          "status_value": 4,
          "submit_tag": 8,
          "submit_time": 20
        }
      },
      {
        "called": "celviz_gpgpu_runtime_proxy_submit_kernel",
        "error_injection": {
          "available": true,
          "called": "celviz_gpgpu_runtime_proxy_inject_next_error",
          "error": "ERR_SCHEDULER_FAULT",
          "error_value": 514,
          "fault_address": "0x80003000",
          "ok": true,
          "requested": true,
          "return_error_value": 0
        },
        "expected_error": "ERR_SCHEDULER_FAULT",
        "last_event_after": {
          "abi_version": 1,
          "command": {
            "abi_version": 1,
            "context_id": 0,
            "end_time": 20,
            "error": "OK",
            "error_value": 0,
            "flags": 0,
            "opcode": "dma_copy",
            "opcode_value": 2,
            "queue_id": 1,
            "sequence": 8,
            "start_time": 20,
            "status": "complete",
            "status_value": 4,
            "submit_tag": 8,
            "submit_time": 20
          },
          "event_flags": 1,
          "fault_access": 0,
          "fault_address": "0x0",
          "shader_context": 0
        },
        "last_event_after_ok": true,
        "ok": false,
        "opcode": "kernel_dispatch",
        "pending_count_after": 0,
        "queue_id": 1,
        "queue_pending_count_after": 0,
        "queue_snapshot_after": {
          "context_id": 0,
          "doorbell": 1,
          "errors": 0,
          "flags": 259,
          "head": 1,
          "lifecycle": "idle",
          "pending_count": 0,
          "priority": 1,
          "queue_id": 1,
          "retired": 1,
          "ring_base": "0x10001000",
          "ring_size_bytes": 4096,
          "submitted": 1,
          "tail": 1
        },
        "queue_snapshot_after_ok": true,
        "sequence": 17,
        "skipped": "no executable Ventus metadata supplied for native RTL dispatch"
      },
      {
        "bytes": 64,
        "called": "celviz_gpgpu_runtime_proxy_submit_copy_d2h+submit_copy_h2d",
        "dst_addr": "0x80002000",
        "error_injection": {
          "available": true,
          "called": "celviz_gpgpu_runtime_proxy_inject_next_error",
          "error": "ERR_MMU_FAULT",
          "error_value": 9,
          "fault_address": "0xdead0000",
          "ok": true,
          "requested": true,
          "return_error_value": 0
        },
        "expected_error": "ERR_MMU_FAULT",
        "last_event_after": {
          "abi_version": 1,
          "command": {
            "abi_version": 1,
            "context_id": 0,
            "end_time": 20,
            "error": "ERR_MMU_FAULT",
            "error_value": 9,
            "flags": 0,
            "opcode": "dma_copy",
            "opcode_value": 2,
            "queue_id": 0,
            "sequence": 9,
            "start_time": 20,
            "status": "error",
            "status_value": 5,
            "submit_tag": 9,
            "submit_time": 20
          },
          "event_flags": 10,
          "fault_access": 0,
          "fault_address": "0xdead0000",
          "shader_context": 0
        },
        "last_event_after_ok": true,
        "ok": false,
        "opcode": "dma_copy",
        "pending_count_after": 0,
        "queue_id": 0,
        "queue_pending_count_after": 0,
        "queue_snapshot_after": {
          "context_id": 0,
          "doorbell": 5,
          "errors": 1,
          "flags": 259,
          "head": 5,
          "lifecycle": "error",
          "pending_count": 0,
          "priority": 2,
          "queue_id": 0,
          "retired": 5,
          "ring_base": "0x10000000",
          "ring_size_bytes": 4096,
          "submitted": 5,
          "tail": 5
        },
        "queue_snapshot_after_ok": true,
        "read_error_value": 9,
        "read_polled_status": {
          "abi_version": 1,
          "context_id": 0,
          "end_time": 20,
          "error": "ERR_MMU_FAULT",
          "error_value": 9,
          "flags": 0,
          "opcode": "dma_copy",
          "opcode_value": 2,
          "queue_id": 0,
          "sequence": 9,
          "start_time": 20,
          "status": "error",
          "status_value": 5,
          "submit_tag": 9,
          "submit_time": 20
        },
        "read_polled_status_ok": true,
        "read_status": {
          "abi_version": 1,
          "context_id": 0,
          "end_time": 20,
          "error": "ERR_MMU_FAULT",
          "error_value": 9,
          "flags": 0,
          "opcode": "dma_copy",
          "opcode_value": 2,
          "queue_id": 0,
          "sequence": 9,
          "start_time": 20,
          "status": "error",
          "status_value": 5,
          "submit_tag": 9,
          "submit_time": 20
        },
        "sequence": 18,
        "src_addr": "0xdead0000",
        "write_error_value": 9,
        "write_status": {
          "abi_version": 0,
          "context_id": 0,
          "end_time": 0,
          "error": "OK",
          "error_value": 0,
          "flags": 0,
          "opcode": "nop",
          "opcode_value": 0,
          "queue_id": 0,
          "sequence": 0,
          "start_time": 0,
          "status": "new",
          "status_value": 0,
          "submit_tag": 0,
          "submit_time": 0
        }
      },
      {
        "called": "celviz_gpgpu_runtime_proxy_wait_named_fence",
        "error_value": 256,
        "event": {
          "abi_version": 1,
          "command": {
            "abi_version": 1,
            "context_id": 0,
            "end_time": 60,
            "error": "ERR_FENCE_WAIT",
            "error_value": 256,
            "flags": 0,
            "opcode": "nop",
            "opcode_value": 0,
            "queue_id": 0,
            "sequence": 0,
            "start_time": 0,
            "status": "timeout",
            "status_value": 7,
            "submit_tag": 0,
            "submit_time": 0
          },
          "event_flags": 16,
          "fault_access": 0,
          "fault_address": "0x0",
          "shader_context": 0
        },
        "event_flags": 16,
        "event_status": {
          "abi_version": 1,
          "context_id": 0,
          "end_time": 60,
          "error": "ERR_FENCE_WAIT",
          "error_value": 256,
          "flags": 0,
          "opcode": "nop",
          "opcode_value": 0,
          "queue_id": 0,
          "sequence": 0,
          "start_time": 0,
          "status": "timeout",
          "status_value": 7,
          "submit_tag": 0,
          "submit_time": 0
        },
        "expected_error": "ERR_FENCE_WAIT",
        "fence": "never_signaled",
        "last_event_after": {
          "abi_version": 1,
          "command": {
            "abi_version": 1,
            "context_id": 0,
            "end_time": 60,
            "error": "ERR_FENCE_WAIT",
            "error_value": 256,
            "flags": 0,
            "opcode": "nop",
            "opcode_value": 0,
            "queue_id": 0,
            "sequence": 0,
            "start_time": 0,
            "status": "timeout",
            "status_value": 7,
            "submit_tag": 0,
            "submit_time": 0
          },
          "event_flags": 16,
          "fault_access": 0,
          "fault_address": "0x0",
          "shader_context": 0
        },
        "last_event_after_ok": true,
        "ok": false,
        "opcode": "fence_wait",
        "pending_count_after": 0,
        "queue_id": 0,
        "queue_pending_count_after": 0,
        "queue_snapshot_after": {
          "context_id": 0,
          "doorbell": 5,
          "errors": 1,
          "flags": 259,
          "head": 5,
          "lifecycle": "error",
          "pending_count": 0,
          "priority": 2,
          "queue_id": 0,
          "retired": 5,
          "ring_base": "0x10000000",
          "ring_size_bytes": 4096,
          "submitted": 5,
          "tail": 5
        },
        "queue_snapshot_after_ok": true,
        "sequence": 19,
        "timeout_cycles": 8,
        "value": 1
      }
    ],
    "native_command_summary": {
      "by_opcode": {
        "device_to_host": {
          "errors": 0,
          "failed": 0,
          "passed": 1,
          "skipped": 0,
          "total": 1
        },
        "dma_copy": {
          "errors": 0,
          "failed": 0,
          "passed": 3,
          "skipped": 0,
          "total": 3
        },
        "dma_fill": {
          "errors": 0,
          "failed": 0,
          "passed": 2,
          "skipped": 0,
          "total": 2
        },
        "fence_signal": {
          "errors": 0,
          "failed": 0,
          "passed": 2,
          "skipped": 0,
          "total": 2
        },
        "fence_wait": {
          "errors": 0,
          "failed": 0,
          "passed": 3,
          "skipped": 0,
          "total": 3
        },
        "host_to_device": {
          "errors": 0,
          "failed": 0,
          "passed": 1,
          "skipped": 0,
          "total": 1
        },
        "kernel_dispatch": {
          "errors": 0,
          "failed": 0,
          "passed": 0,
          "skipped": 3,
          "total": 3
        },
        "reset": {
          "errors": 0,
          "failed": 0,
          "passed": 1,
          "skipped": 0,
          "total": 1
        }
      },
      "errors": 0,
      "failed": 0,
      "passed": 13,
      "skipped": 3,
      "status": "pass",
      "total": 16
    },
    "native_runtime_acceptance": {
      "categories": {
        "dma_copy": {
          "expected_error_passes": 1,
          "failed": 0,
          "observed": 3,
          "opcodes": [
            "dma_copy"
          ],
          "passed": 3,
          "sequences": [
            3,
            10,
            18
          ]
        },
        "dma_fill": {
          "expected_error_passes": 0,
          "failed": 0,
          "observed": 2,
          "opcodes": [
            "dma_fill"
          ],
          "passed": 2,
          "sequences": [
            2,
            9
          ]
        },
        "fence": {
          "expected_error_passes": 1,
          "failed": 0,
          "observed": 5,
          "opcodes": [
            "fence_signal",
            "fence_wait"
          ],
          "passed": 5,
          "sequences": [
            4,
            5,
            11,
            12,
            19
          ]
        }
      },
      "failed_categories": [],
      "failed_feature_categories": [],
      "feature_categories": {
        "error_injection": {
          "available": true,
          "failed": 0,
          "observed": 2,
          "requested": 2,
          "status": "pass"
        },
        "last_event": {
          "available": true,
          "observed": 16,
          "status": "pass"
        },
        "queue_lifecycle": {
          "available": true,
          "errors": 1,
          "observed": 3,
          "pending_count": 0,
          "status": "pass"
        },
        "status_polling": {
          "available": true,
          "failed": 0,
          "observed": 7,
          "status": "pass"
        }
      },
      "missing_categories": [],
      "required_categories": [
        "dma_copy",
        "dma_fill",
        "fence"
      ],
      "status": "pass"
    },
    "pending_count": {
      "control_plane": 0,
      "native_runtime": 0
    },
    "queue_snapshots": {
      "control_plane": [
        {
          "base": "0x10000000",
          "errors": 2,
          "head": 704,
          "lifecycle": "error",
          "pending_count": 0,
          "priority": 2,
          "queue_id": 0,
          "retired": 7,
          "size_bytes": 4096,
          "submitted": 7,
          "tail": 704
        },
        {
          "base": "0x10001000",
          "errors": 1,
          "head": 992,
          "lifecycle": "error",
          "pending_count": 0,
          "priority": 1,
          "queue_id": 1,
          "retired": 9,
          "size_bytes": 4096,
          "submitted": 9,
          "tail": 992
        },
        {
          "base": "0x10002000",
          "errors": 0,
          "head": 304,
          "lifecycle": "idle",
          "pending_count": 0,
          "priority": 0,
          "queue_id": 2,
          "retired": 3,
          "size_bytes": 4096,
          "submitted": 3,
          "tail": 304
        }
      ],
      "native_runtime": [
        {
          "context_id": 0,
          "doorbell": 5,
          "errors": 1,
          "flags": 259,
          "head": 5,
          "lifecycle": "error",
          "pending_count": 0,
          "priority": 2,
          "queue_id": 0,
          "queue_pending_count": 0,
          "retired": 5,
          "ring_base": "0x10000000",
          "ring_size_bytes": 4096,
          "submitted": 5,
          "tail": 5
        },
        {
          "context_id": 0,
          "doorbell": 1,
          "errors": 0,
          "flags": 259,
          "head": 1,
          "lifecycle": "idle",
          "pending_count": 0,
          "priority": 1,
          "queue_id": 1,
          "queue_pending_count": 0,
          "retired": 1,
          "ring_base": "0x10001000",
          "ring_size_bytes": 4096,
          "submitted": 1,
          "tail": 1
        },
        {
          "context_id": 0,
          "doorbell": 3,
          "errors": 0,
          "flags": 259,
          "head": 3,
          "lifecycle": "idle",
          "pending_count": 0,
          "priority": 0,
          "queue_id": 2,
          "queue_pending_count": 0,
          "retired": 3,
          "ring_base": "0x10002000",
          "ring_size_bytes": 4096,
          "submitted": 3,
          "tail": 3
        }
      ]
    },
    "queue_totals": {
      "control_plane": {
        "errors": 3,
        "pending_count": 0,
        "queue_count": 3,
        "retired": 19,
        "ring_size_bytes": 0,
        "submitted": 19
      },
      "native_runtime": {
        "errors": 1,
        "pending_count": 0,
        "queue_count": 3,
        "retired": 9,
        "ring_size_bytes": 12288,
        "submitted": 9
      }
    },
    "reset_recovery": {
      "fault_status_after_reset": "clear",
      "interrupt_status_after_reset": "clear",
      "post_reset_smoke_status": "pass",
      "queue_idle_after_reset": true,
      "reset_asserted": true,
      "reset_recoveries": 1,
      "reset_sequences": [
        1
      ]
    },
    "runtime_bridge_mode": "ctypes_bound",
    "runtime_library_bound": true,
    "throughput_tier_linkage": {
      "claim_scope": "proxy_model_only",
      "fp_modes": [
        "fp16",
        "fp32",
        "mixed"
      ],
      "max_local_size": 512,
      "queue_count": 4,
      "shader_units": 4,
      "throughput_scaling_by_tier": true,
      "tier": "gpgpu_nano_ultra31"
    },
    "validation": {
      "command_status_records": 19,
      "last_event_source": "ctypes_runtime_proxy",
      "native_abi_complete": true,
      "native_command_results_observed": 16,
      "native_device_ok": true,
      "native_metrics_ok": true,
      "native_pending_matches_snapshot": true,
      "native_queue_snapshot_count": 3,
      "native_queue_totals_match_snapshots": true
    }
  },
  "schema": "celviz.gpgpu.runtime_metrics.v1",
  "status": "pass",
  "summary": {
    "commands_completed": 19,
    "commands_failed": 3,
    "commands_submitted": 19,
    "completion_count": 19,
    "dry_run": false,
    "last_event_source": "ctypes_runtime_proxy",
    "pending_count": 0,
    "queue_count": 3,
    "rtlsim_library_bound": true
  }
}
{
  "run_log": "/private/tmp/ventus-gpgpu-celviz-coverage-run/runtime_cli.log",
  "runtime_metrics": "/private/tmp/ventus-gpgpu-celviz-coverage-run/runtime_outputs/runtime_metrics.json",
  "runtime_status": "/private/tmp/ventus-gpgpu-celviz-coverage-run/runtime_outputs/runtime_status.json"
}
- S i m u l a t i o n   R e p o r t: Verilator 5.048 2026-04-26
- Verilator: end at 60ps; walltime 0.133 s; speed 451.790 ps/s
- Verilator: cpu 0.133 s on 1 threads; allocated 2482 MB
coverage: converting coverage.dat to LCOV info
coverage: annotating structural coverage report
Coverage Summary:
  line      : 48.4% (   663/  1371)
  toggle    : 53.7% (522625/973936)
  branch    : 51.2% ( 18510/ 36160)
  expr      : 43.9% ( 20150/ 45942)
  fsm_state : 0.0% (     0/     0)
  fsm_arc   : 0.0% (     0/     0)
Annotation Summary:
  lines with all attached points covered :  5.00%  (5012/97500)
See lines with '%00' in /Users/nirvana/Documents/New project 2/ventus-gpgpu/artifacts/rank_01_vivante_3d_gpgpu_ip/verification/verilator_coverage/report
coverage: generating JSON report
celviz_gpgpu_verilator_coverage: pass functional=100.000% output=artifacts/rank_01_vivante_3d_gpgpu_ip/verification/verilator_coverage/verilator_coverage_report.json
celviz_gpgpu_verilator_coverage: pass
functional_bins_gate=100%
rtl_line_toggle_coverage_claim=not_claimed
coverage_dat=artifacts/rank_01_vivante_3d_gpgpu_ip/verification/verilator_coverage/coverage.dat
coverage_info=artifacts/rank_01_vivante_3d_gpgpu_ip/verification/verilator_coverage/coverage.info
coverage_report=artifacts/rank_01_vivante_3d_gpgpu_ip/verification/verilator_coverage/verilator_coverage_report.json
run_log=artifacts/rank_01_vivante_3d_gpgpu_ip/verification/verilator_coverage/run.log
